Links,Company,Business Registration,Year of Incorporation,Chief Executive,CEO Position,Business Enquiry,Business Contact Person Position,Office Address,Postcode,City / Town,State,Country,Telephone,Email,Raw Material Used,Production Processes,Products Manufactured / Business Line
https://www.mpmadirectory.org.my/members/zhoushan-plastech-sdn-bhd,Zhoushan Plastech Sdn Bhd,1328956-K,2019,Johnson Phoon/Gu Jian Meng,Chief Executive Officer/Chief Technical Officer,Eugene Phoon,Sales,"62A, Lapangan Perdana 10, Panorama Lapangan Perdana",31650,Ipoh,Perak,Malaysia,6019-5599 268,"zhoushansb@gmail.com
johnson.phoon@gmail.com",PVC,Slitting / Die Cut & Rewinding,"Slitted PVC Rolls, Die Cut Sheet, Stretch Film and Screw, Barrel sete."
https://www.mpmadirectory.org.my/members/zinco-colours-compounding-sdn-bhd,Zinco Colours Compounding Sdn Bhd,789790-W,2007,Chan Kar Hock,Managing Director,Carmen Chew,Sales Manager,"6, Jalan Canang Emas 9/KS10, Telok Gong, Port Klang",42000,Null,Selangor,Malaysia,603-3134 1138,zincocc@gmail.com,"ABS, HIPS, PP, PA, PC, PBT, POM, PMMA",Compounds,"Compounding and Colouring of Most Engineering Plastics, Compounding of Flame Retardant Glass Fibre Material. UV Additives (ABS, EVA, PA, PBTP, PC, PE, PMMA, POM, PP, PS, AS)"
Links,Company,Business Registration,Year of Incorporation,Chief Executive,CEO Position,Business Enquiry,Business Contact Person Position,Office Address,Postcode,City / Town,State,Country,Telephone,Email,Raw Material Used,Production Processes,Products Manufactured / Business Line
https://www.mpmadirectory.org.my/members/semi-convertor-industries-sdn-bhd,Semi Convertor Industries Sdn Bhd,261822-A,1974,Lau Fook Chye,Director,Lau Mun Hoe,Executive Officer,"Lot 27, Jalan Industri 3/1, Kawasan Perindustrian Gopeng, Gopeng, Ipoh",31600,Null,Perak,Malaysia,605-357 7041/5,"sci@myjaring.net
sci@semi.com.my","PE, PET ,PP, OPP, Nylon, Cellophane, MPET, MCPP, Aluminium Foil, Paper, Wax","Lamination, Printing","Manufacturing of Multi-colour Printing and Multi-Layer, Lamination Flexible Plastic Packaging in Roll and Bags/Pouch, Gloves , Films and Bags"
https://www.mpmadirectory.org.my/members/seng-hiap-metal-sdn-bhd,Seng Hiap Metal Sdn Bhd,Null,1997,Seah Chye Ngiap,Managing Director,Tan Cheng Ling,Chief Finance Officer,"Lot 1297, Batu 7, Jalan Bukit Kemuning, Seksyen 34, Shah Alam",40470,Null,Selangor,Malaysia,603-5122 3402,ttl_shm@henghiap.com.my,Null,"Compounds , Recycling","Recycling , Recycling"
https://www.mpmadirectory.org.my/members/seng-liy-plastic-industry-m-sdn-bhd,Seng Liy Plastic Industry (M) Sdn Bhd,947196-P,2011,Tan Hun Koon,Director,Tan Hun Koon,Director,"28 Jalan Tiram 14, Taman Perindustrian Tiram, 81800 Ulu Tiram, Johor, Malaysia.",81800,Ulu Tiram,Johor,Malaysia,07-861 2730,sengliyplasticind@gmail.com,Null,Extrusion Pelletising (Recycling),"Recycling Resin - PVC, HDPE, PP"
https://www.mpmadirectory.org.my/members/sgs-malaysia-sdn-bhd,SGS Malaysia Sdn Bhd,10871-T,1971,Pradit Yongpanchai,Managing Director,Kenny Looi,General Manager Knowledge (KN),"Lot 3 & 4, Persiaran Jubli Perak, Seksyen 22, Shah Alam",40300,Null,Selangor,Malaysia,603-7627 0080,cbe.my@sgs.com,Null,Null,Null
https://www.mpmadirectory.org.my/members/shang-wei-industries-sdn-bhd,Shang Wei Industries Sdn Bhd,Null,Null,Lai Cheng Chien,Null,Lai Cheng Chien,Null,"Plo 528, Jalan Keluli 3, Kawasan Perindustrian Pasir Gudang, Pasir Gudang",81700,Null,Johor,Malaysia,607-255 2131,aken_lai@shangwei.com.my,"EPS, PET, PP, PS","Foam Moulding, Injection Moulding, Thermoforming , Lamination","Box, Lid, Bowl, Plate, Cup, Fork , Cutleries, Containers and Bottles"
https://www.mpmadirectory.org.my/members/shantawood-sdn-bhd,Shantawood Sdn Bhd,215539-H,1991,YBhg Dato' Seri Dr Sow Chin Chuan,Chairman,YBhg Dato' Seri Dr Sow Chin Chuan,Chairman,"Lot 76/77, Kawasan Perindustrian Bukit Rambai",75250,Null,Melaka,Malaysia,606-3513 111,cfac811@gmail.com,Null,Injection Moulding,"Furniture and Parts (Chair Seat, Bed, Plastic Chair), Plastic Roof Truss , Furniture, Industrial and Construction"
https://www.mpmadirectory.org.my/members/sheerflex-industries-sdn-bhd,Sheerflex Industries Sdn Bhd,563417-A,Null,Tony Lai Chee Voon,Managing Director,Tomas Loi Yew Cheong,Business Manager,"47A & B, Lorong Rahim Kajai 13, Taman Tun Dr Ismail",60000,Null,Wilayah Persekutuan,Malaysia,603-7727 4433/7729 3323,vtsb@tm.net.my,PC,"Blow Moulding , Silkscreen-painting","4 GAL Polycarbonate Water Dispenser (Model : SG 118), 3 GAL Polycarbonate Water Dispenser (Model : SG 218), 5 GAL Polycarbonate Water Bottle (Model: SG 168), 3 GAL Polycarbonate Water Bottle (Model : SG 268SN & SG 268LN) , Containers and Bottles"
https://www.mpmadirectory.org.my/members/shen-fei-sdn-bhd,Shen Fei Sdn Bhd,20231017016 (1510938-P),2023,Chee Tse Chian,Director,Chee Tze Choong,Director,"Lot 225093, Jalan Gopeng, Tungzen Industrial Park, Mukim Sg. Raya",31300,Kampung Kepayang,Perak,Malaysia,605-357 1670/6016-555 7586,shenfeienterprise@gmail.com,HDPE & LDPE,"Film Blowing/Film Extrusion, Pipe Extrusion","Poly Pipe & Poly Bag, Industrial and Construction"
https://www.mpmadirectory.org.my/members/sheng-foong-plastic-industries-sdn-bhd,Sheng Foong Plastic Industries Sdn Bhd,480510-P,1999,Yeong Sai Key,Managing Director,Zen Ng,Marketing Manager,"3, (PT 2159) KM10, Kawasan Perindustrian Siputeh, Off Jalan Siputeh - Tronoh, Tronoh",31750,Null,Perak,Malaysia,605-3677 163/3677 168,"sales@shengfoongplastic.com
yeong@shengfoongplastic.com","HDPE, PP, PS, PA, Nylon, PC",Extrusion Pelletising (Recycling),Recycled Resin
https://www.mpmadirectory.org.my/members/sheng-wang-industries-sdn-bhd,Sheng Wang Industries Sdn Bhd,Null,Null,Lai Bee Kem,Managing Director,Low Zhao Jing,Business Manager,"Lot 1558, Parit Pasir Batu 28, Pekan Nanas",81500,Null,Johor,Malaysia,017-843 5505,lowzhaojing@gmail.com,"PP, ABS, PE",Injection Moulding,Plastic Chair
https://www.mpmadirectory.org.my/members/shi-plastics-machinery-m-sdn-bhd,SHI Plastics Machinery (M) Sdn Bhd,261784-V,1993,Satoshi Kobayashi,Managing Director,Foo Siang Mond,Sales & Application Manager,"Unit G-01, Tingkat Bawah, Menara Axis, No. 2, Jalan 51A/223",46100,Petaling Jaya,Selangor,Malaysia,603-7958 2079/7958 2081,"ilya@shipmsb.com.my
foo@shipmsb.com.my",Null,Null,"Machinery Supplier, Equipment Supplier"
https://www.mpmadirectory.org.my/members/shifty-technology-sdn-bhd,Shifty Technology Sdn Bhd,662037-K,2004,Steven Chu,Chief Executive Officer,Tang Gaik Teng,Marketing Manager,"15, Lorong Serunai, Taman Jawi Light Industrial Park, S.P.S",14200,Sg Bakap,Pulau Pinang,Malaysia,604-582 8488,shifty_tech@yahoo.com,Null,Null,"Suppliers & Services, Pigments, Masterbatches"
https://www.mpmadirectory.org.my/members/shiraishi-calcium-m-sdn-bhd,Shiraishi Calcium (M) Sdn Bhd,237108-W,1992,So Yoke Huah,Vice President,Toh Leng Wei,Sales & Marketing,"17-3, Jalan 14/22, The Right Angle",46100,Petaling Jaya,Selangor,Malaysia,603-7956 8963,eddy@shiraishi.com.my,Null,Null,Trader
https://www.mpmadirectory.org.my/members/shl-plastic-industries-sdn-bhd,SHL Plastic Industries Sdn Bhd,678482-U,2005,Lau Seow Hong,Managing Director,Lau Seow Hong,Managing Director,"72, Jalan PKNK 1/8, Kawasan Perindustrian Sungai Petani (LPK), Sungai Petani",8000,Null,Kedah,Malaysia,604-442 0396,shlbhd@gmail.com,Null,Recycling,"Trading, Processing and Manufacturing of Plastic Crushed/Resin Material"
https://www.mpmadirectory.org.my/members/shye-guan-plastic-industries-sdn-bhd,Shye Guan Plastic Industries Sdn Bhd,452027-P,1997,Leong Chong Yit,Director,Tan Kwang Choui,Executive,"9 - 11, Persiaran Kilang Pengkalan 32, Kawasan Perindustrian Pengkalan Majau, Lahat",31500,Null,Perak,Malaysia,"605-522 6951, 016-526 3899",jackson-yours@hotmail.com,Null,Recycling,"Recycled Raw Materials - PC, PE, PET, PP and PVC, Recycled Resins"
https://www.mpmadirectory.org.my/members/sidney-industries-sdn-bhd,SIDNEY Industries Sdn Bhd,196659-V,1990,Simon Tan Seow Kwang,Managing Director,Kelvin Tan Aun Weng,Business Development Manager,"Lot 60819, Taman Meru Industrial Estate, Phase 3A, Jalan Jelapang, Ipoh",30020,Null,Perak,Malaysia,"6011-1181 1008,605-526 8826",sidney@sidney.com.my,"LDPE, HDPE, EVOH, PET","Extrusion, Stretch Blow Moulding , Compression-Heading, Offset (Solid) Printing, Flexo (Photo) Printing, Hot-Stamping (Foil-Decoration), Labeling, Temper-Evident-Foil Sealing, Capping, Hot-Air Sealing, Ultrasonic Sealing","Manufacture (Plastics Packaging) Low Barrier, Medium-Barrier, High-Barrier Decorated Plastic Squeeze PE Tubes and PET Bottles for Agricultural, Cosmetics and Toiletries, Food and Beverage, Industrial, Personal Care, Pharmaceutical, Toothpaste, Veterinary , Agricultural, Containers and Bottles, Industrial and Construction, Medical, Toiletries Personal Items"
https://www.mpmadirectory.org.my/members/sik-hong-holding-sdn-bhd,Sik Hong Holding Sdn Bhd,Null,1987,Chee Kok Sing,Chairman,Ooi Bee Lian,Admin Manager,"46-A, Lorong Prangin",10100,Null,Pulau Pinang,Malaysia,"604-261 0304, 262 3551",Null,"PP, HDPE, LDPE, PSGP","Blow Moulding, Injection Moulding","Detergent Bottles, Lotion Bottles, Cosmetic, Shampoo Bottles, Cream Boxes, Eye Droppers, Chemical Bottles, PE Bottles Below 1,500ml , Containers and Bottles"
https://www.mpmadirectory.org.my/members/simeko-ink-industries-sdn-bhd,Simeko Ink Industries Sdn Bhd,232187-D,1992,Ng Jooi Tong,Chairman,Ng Kiah Boon,Director,"22, Jalan Sementa 27/91, Section 27",40000,Shah Alam,Selangor,Malaysia,603 - 5191 6170/88/91,kelvinng@simeko.com,Null,Null,Ink
https://www.mpmadirectory.org.my/members/simply-packaging-sdn-bhd,Simply Packaging Sdn Bhd,716664-U,2005,Aniz Chachia,Executive Chairman,Shahid Chahia,Commercial Director,"1, Jalan Tiaj 2/7, Taman Industri Alam Jaya, Bandar Puncak Alam",42300,Null,Selangor,Malaysia,603-6038 2961,enquiries@simplypackaging.com.my,"HDPE, LLDPE, LDPE, mLLDPE","Film Blowing/Film Extrusion , Recycling, Printing, Converter","Plastic Shopping Bags, Garbage Bags, Bags on Roll, Courier Bags, Shrink Film , Films and Bags"
https://www.mpmadirectory.org.my/members/sin-lian-sing-industries-sdn-bhd,Sin Lian Sing Industries Sdn Bhd,783630-M,2007,Chew Tsun Jung,Director,Sim Siang Kiat,Director,"12, Jalan Tiram 13, Taman Perindustrian Tiram",81800,Ulu Tiram,Johor,Malaysia,607-863 9766,sales@sinliansing.com.my,Null,Extrusion Pelletising (Recycling),"Recycle Raw Materials - ABS, PS, PP , Recycling"
https://www.mpmadirectory.org.my/members/sin-yong-guan-industries-sdn-bhd,Sin Yong Guan Industries Sdn Bhd,15166-W,1973,Alfred Teh,Managing Director,Khor Aun Fwu,General Manager,"8, Solok Rishah 2, Kawasan Perindustrian Silibin, Ipoh",30100,Null,Perak,Malaysia,605-5267 231,"syg@syg53.com
jeff@syg53.com","ABS, EVA, POM, PP, PVC","Compounds, Injection Moulding, Pipe Extrusion, Profile Extrusion , Reinforced Hoses, Part Assembly","Electrical and Electronic Parts in General, PVC Wire Protector, Furniture Profile, Rigid Foam Profile, Reinforced Air and Water Hoses, Garden Hose, Profile, Strips, Rods, Sticks, Tubes, Hoses, Medical and Pharmaceutical Items in General, Medical Compound (PVC), Medical Tubes, Injection Moulding Parts, PVC and TPR Compound, Reinforced Hose , Electrical and Electronics, Foam, Furniture, Industrial and Construction, Medical"
https://www.mpmadirectory.org.my/members/sipro-plastic-industries-sdn-bhd,Sipro Plastic Industries Sdn Bhd,239871-P,1992,YBhg Datuk Noraini binti Soltan,Managing Director,Ahmad Masdar Abd. Aziz,"Manager, Business Development","15, Jalan Jasmin, Seksyen BB10, Bandar Bukit Beruntung, Rawang",48300,Null,Selangor,Malaysia,603-6028 1554,"info@siproplastic.com
bdd@siproplastic.com","ABS, POM, PP, PS, PVC, Nylon 6, Acrylic, PC, PBT","Injection Moulding , Spray-painting, Silkscreen-painting, Tampo Printing, Sub-assembly","Automotive Parts, Electrical and Electronic Parts, Telecommunication Parts , Electrical and Electronics, Telecommunication"
https://www.mpmadirectory.org.my/members/sirijaya-industries-sdn-bhd,Sirijaya Industries Sdn Bhd,153828-D,1983,Liew Kok Weng,Managing Director,Tan Mei Poo,Manager,"9, Lebuh Perusahaan Klebang 9, IGB International Industrial Park, Chemor",31200,Null,Perak,Malaysia,605-292 3888,"qa@sirijaya.com
marketing@sirijaya.com","PC, Nylon, PBT, Other Materials Upon Request","Injection Moulding , Metal Bending/Stamping, Painting (Expoxy Polyester), Assembly","Lamp Holders, Lighting Fittings, Starter Holder, LED Products, OEM Luminair Products , Electrical and Electronics"
https://www.mpmadirectory.org.my/members/sk-chemicals-malaysia-sdn-bhd,SK Chemicals Malaysia Sdn Bhd,202001025077,Null,Wayne Bang,Managing Director,Null,Null,"Suite 19-03, G Tower 199, Jalan Tun Razak",50450,Null,Kuala Lumpur,Malaysia,6011-1693 5023,wayne.bang@sk.com,Null,Null,Resins Distributor
https://www.mpmadirectory.org.my/members/sk-polymer-technology-sdn-bhd,SK Polymer Technology Sdn Bhd,156090 T,1986,YT Teh,Director,YT Teh,Director,"2, Jalan 31/54, Kota Kemuning, Shah Alam",40460,Null,Selangor,Malaysia,603-5121 2512,skpolymer1@yahoo.com,"EVA, PE, PET, PP, PS, POF, Acrylic, Nylon","Film Blowing/Film Extrusion, Film Casting","Multi Layers Specialty Films, Polyolefin Shrink Films, Stretch Wrapping Films , Films and Bags"
https://www.mpmadirectory.org.my/members/sl-information-solution-sdn-bhd,SL Information Solution Sdn Bhd,0870847 M,1984,Jimmy Lim,Managing Director,Ronald Tay,Marketing Manager,"23-6, Block 01, Jalan PJU 1/41, Dataran Prima, Petaling Jaya",47301,Null,Selangor,Malaysia,603-7804 0778,marcom@slinfo.com.my,Null,Null,Null
https://www.mpmadirectory.org.my/members/slp-resources-bhd,SLP Resources Bhd,663862-H,1990,Khaw Khoon Tee,Chairman,Kelvin SC Khaw,Managing Director,"Pt 1, Lot 57A, Lorong Perusahaan 5, Kulim Industrial Estate",9000,Null,Kedah,Malaysia,604-4891 858,info@sinliplas.com.my,"PE, PP, HDPE",Film Blowing/Film Extrusion,"Tubings, Sheetings, Bags for Packaging, Catheter Polysleeve for Medical Use, Soft-Loop Handle Bags, Glue Patch Handle Bags, Garbage Bags, Kitchen Bags, Printed Films up to 8 colours, VFFS film for Auto-packaging, Slit-seal Tubings and Bags, Thin-gauge films for Auto-wrapping and for Lining Use , Films and Bags, Medical, Textile, Apparel and Bags"
https://www.mpmadirectory.org.my/members/sm-tech-sdn-bhd,SM Tech Sdn Bhd,884440-A,2009,Lee Fah,Managing Director,Lee Fah,Managing Director,"No. 5, Jalan PP 11/4, Alam Perdana Industrial Park, Taman Putra Perdana",47130,Puchong,Selangor,Malaysia,603-5885 8470,smtindustries01@gmail.com,"Styrolux 656C, Dioshy TPE AB-860GS",Injection Moulding,"Float Retainer, Hole Clamp,Hole Clip, Storage Bin, PCB Bin, Flush Tank Lower, Flush Tank Upper, Enclosure 64.84.17 Nylene, Face Shield Frame, Suction Filters, Rubber Plug, Industrial and Construction, Medical and Pharmaceutical"
https://www.mpmadirectory.org.my/members/smc-automation-malaysia-sdn-bhd,SMC Automation (Malaysia) Sdn Bhd,197801001471 (38505-P),1978,Edwin Haw,General Manager,PP Teo,National Sales Manager,"Lot 36, Jalan Delima 1/1, Subang Hi-Tech Industrial Park, Subang Jaya",47500,Null,Selangor,Malaysia,603-5635 0590,sales@smcmy.com.my,Null,Null,Null
https://www.mpmadirectory.org.my/members/sme-ordnance-sdn-bhd,SME Ordnance Sdn Bhd,9046-U,1969,YBhg Dato' Mohd Rashid B. Abdul Wahab,Chief Executive Officer,Chandran Krishnan,"General Manager, Eng. Plastics Division","Lot 5065, Locked Bag No. 101, Batu Arang",48109,Null,Selangor,Malaysia,603-6035 2521,"ceo@smeordnance.com
chand@smeordnance.com","ABS, PA, PC, PE, POM, PP, ASA, HIPS, GPPS","Injection Moulding , Ultrasonic Welding, Vibration Welding","Ordnance/Defence Related Products: Small & Medium Calibre Ammunition - Large Calibre Ammunition & Pyrotechnics Products. Engineering Plastics Products: Plastic Components/Parts for Weapons, Plastic Containers/Canisters for storing Various Ammunition. Plastic Ammo Magaziners, Plastic Components/Parts for Pyotechnic Products & Quarry Explosives. Custom Injection Mouldings of Telephone Parts & Hand-labelling Equipments; Other: Metal Boxes for Storing Small Arms Ammunition. Wooden Pallets and Boxes and Lead-based Products. ,Bathroom/Toilet, Telecommunication"
https://www.mpmadirectory.org.my/members/smic-m-sdn-bhd,SMIC (M) Sdn Bhd,72026-H,1981,Wee Sang Kiang,Managing Director,Teo Gee Chuan,Executive Director,"7799-C, Jalan Usaha 4, Fasa 1, Kawasan Perindustrian Merlimau, Merlimau",77300,Null,Melaka,Malaysia,606-263 1443/5429/5437,"info@smic.com.my
smic.teo@gmail.com","EVA, PE, LDPE, LLDPE, Metallocene",Film Blowing/Film Extrusion,"Films, Sheets, Bags and Sacks for Packaging in general, Shrinkable Films, Agriculture Greenhouse Film, Construction Sheet, Pond and White Trough Liner, Special Block Planting Bags, Airlines Cargo Packaging Bag and sheet with Large Size Printing , Agricultural, Films and Bags"
https://www.mpmadirectory.org.my/members/sml-machinery-far-east-sdn-bhd-sml-maschinengesellschaft-mbh,SML Machinery Far East Sdn Bhd - SML Maschinengesellschaft mbH,1029958-P,1995,Gerald Ausweger,Managing Director,Dr.Yap Kiat Sen,Area Sales Manager,"1201, Block B, Menara Amcorp, 18, Jalan Persiaran Barat",46050,Petaling Jaya,Selangor,Malaysia,603 - 7955 9098,"sml@sml.at
yen@sml.at",Null,Null,Plastic Extrusion Machine Manufacturer
https://www.mpmadirectory.org.my/members/sodick-technology-m-sdn-bhd,Sodick Technology (M) Sdn Bhd,398501-V,2009,Steven Tan,Managing Director,Ee Kim Seng,Branch Manager,"No. C-G-22, Block C, Jalan PJU 1A/3K, Taipan 1 Damansara, PJU 1A Ara Damansara",47500,Petaling Jaya,Selangor,Malaysia,603-7842 6888,"ee@sodick.com.sg
janice@sodick.com.sg",Null,Null,Sodick Imm & Sodick CNC Wire Cut & EDM
https://www.mpmadirectory.org.my/members/sojitz-malaysia-sdn-bhd,Sojitz Malaysia Sdn Bhd,63094-A,1980,R.Katori,Managing Director,Richard Lee,"General Manager, Marketing & Business","Level 23, Menara IMC, 8, Jalan Sultan Ismail",50250,Kuala Lumpur,Wilayah Persekutuan,Malaysia,603 - 2032 1180/1015/1016,richard.lee@sojitz.com,Null,Null,"Machinery, Automotive, Consumer Lifestyle, Infrastructure, Chemicals & Plastics"
https://www.mpmadirectory.org.my/members/sok-ken-plastic-sdn-bhd,Sok Ken Plastic Sdn Bhd,453736-K,1991,Null,Null,Teoh Seng Chong,Null,"35 & 37, Jalan Perindustrian Silibin 1, Kawasan Perindustrian Ringan Silibin, Ipoh",30100,Null,Perak,Malaysia,605-527 6289,skplas123@gmail.com,"ABS, PE, PP",Injection Moulding,Plastic Products
https://www.mpmadirectory.org.my/members/solidgold-helmets-sdn-bhd,Solidgold Helmets Sdn Bhd,65430-A,1980,Tan Weng Soon,Managing Director,Tan Weng Soon,Managing Director,"Lot 13, Jalan CJ 1/7, Kawasan Perindustrian Cheras Jaya, Batu 11, Cheras",43200,Null,Selangor,Malaysia,603-9074 6628,info@solidgold-helmets.com,"ABS, EPS, PC, PP","Injection Moulding , Spray-painting","Motorcycle Helmet, Industrial Helmet , Industrial and Construction, Transportation"
https://www.mpmadirectory.org.my/members/solmax-geosynthetics-sdn-bhd,Solmax Geosynthetics Sdn Bhd,801515-T,2008,Jacques Cote,Director,Sivaretnam A/L R.Kandiah,Plant Manager,"Lot 28, Jalan Sungai Pinang 4/2, Taman Perindustrian Pulau Indah, Fasa 2B, Pelabuhan Klang",42920,Null,Selangor,Malaysia,603-3375 3600,"JCote@solmax.com
jlvangeluwe@solmax
nhchua@solmax.com
skandiah@solmax.com","HDPE, LLDPE",Film Blowing/Film Extrusion,"Geomembrane - Plastic Sheet designed to imperative natural soils for Civil and Environmental Engineering Applications such as Landfills and Reservoirs. Geomembrane are customarily made out of Thermoplastic Materials such as Polyethylene (PE), Polypropylene (PP) and Polyvinyl Chloride (PVC) and are often used in long term Environmental Applications as Pollution Control Hydraulic Barriers"
https://www.mpmadirectory.org.my/members/sonfuat-precision-industries-bhd,Sonfuat Precision Industries Bhd,162972-H,1987,Lam Choon Choi,Managing Director,Lam Chan Fok,Executive Director,"Lot 1037, Batu 2, Jalan Minyak Beku, Batu Pahat",83000,Null,Johor,Malaysia,607-432 1337,"chchua@sonfuat.com
cclam@sonfuat.com","ABS, PA, PBTP, PC, PE, PMMA, POM, PP, PPO, PS, PU, PVC, SAN, Elastomer","Injection Moulding , Spray-painting, Silkscreen-painting, Pad-printing","Computer Plastic Parts (Keytop, Mouse, Keyboard), Telecommunication Products (Keyphone Casing), Electrical and Electronic Products (Printer Casing, Vacuum Casing and Parts), Furniture and Parts (Chair Seat, Bed, Plastic Chair), Packaging (Plastic Container, Plastic Box) , Containers and Bottles, Electrical and Electronics, Furniture, Industrial and Construction, OEM Manufacturing, Telecommunication"
https://www.mpmadirectory.org.my/members/sonyu-plastic-industries-sdn-bhd,Sonyu Plastic Industries Sdn Bhd,062006-U,1980,Siow Sooi Yu,Managing Director,Annie Loh,Marketing Manager,"Lot 2 & 4, Solok Selat Selatan 21B, Sobena Jaya Industrial Area, Pandamaran, Port Klang",42000,Null,Selangor,Malaysia,603-3167 0099/3167 3198,"yian@sonyuplast.com
siows01@sonyuplast.com","ABS, EVA, PC, PE, POM, PP, PS, PVC","Blow Moulding, Injection Moulding , Ultrasonic Welding, Offset and UV Printing","Premiums, Food Packaging Caps and Bottles, Consumer and Household Products, Hygienic Pharmaceutical Bottles & Covers, Lubricants Bottles, AGRO-Chemicals Bottles, Hair Care, Skin Care, Bath Bottles and Cover ,Containers and Bottles, Houseware, Medical, Toiletries Personal Items, Promotional and Premium Gift Items"
https://www.mpmadirectory.org.my/members/soon-heng-plastic-trading,Soon Heng Plastic Trading,JM0731300-U,2015,Kok Seong Soon,Director,Kok Seong Soon,Director,"No. 2, Jalan Bukit 5, Kawasan Miel Bandar Seri Alam, Masai",81750,Null,Johor,Malaysia,6012-768 6666,soonhengplastic@gmail.com,Null,Extrusion Pelletising (Recycling),"SCRAP METAL & PLASTIC TRADERS SCRAP PLASTIC RECYCLING, Recycled Resin"
https://www.mpmadirectory.org.my/members/soonplas-sdn-bhd,Soonplas Sdn Bhd,1075541 - W,2013,Ng Weng Pao,Managing Director,Ng Weng Cheng,Managing Director,"1, Jalan Firma 1/5, Kawasan Perindustrian Tebrau 1, Johor Bahru",81100,Null,Johor,Malaysia,607-358 2099,soonplas@gmail.com,"EPS, PE, PP, PS, HDPE, LLDPE",Recycling,Recycled Resin
https://www.mpmadirectory.org.my/members/south-east-asia-plastic-industries-sdn-bhd,South East Asia Plastic Industries Sdn Bhd,60212-D,1980,Ng Teck Cheong,Managing Director,Ng Tek Sang,Assistant Managing Director,"Lot 5, Jalan Perusahaan 4, Batu Caves",68100,Null,Selangor,Malaysia,603-6189 8336/9545,"info@seapi.com.my
sales@seapi.com.my
shipping@seapi.com.my","PP, PS, ABS, Nylon, ACETAL, Polycarbonate, HDPE","Blow Moulding, Injection Moulding","Chairs, Tables, Containers, OEM manufacturing (Injection Moulding), Chair and Table for School , Containers and Bottles, Furniture, OEM Manufacturing"
https://www.mpmadirectory.org.my/members/south-island-plastics-sdn-bhd,South Island Plastics Sdn Bhd,89385-D,1982,Yap Yong Teck,Director,Poh Seng Chit,Senior General Manager,"Plot 541, Lorong Perusahaan Baru Dua, Prai Industrial Park, Prai",13600,Null,Pulau Pinang,Null,604-399 2988,enquiry_pg@siplas.com,"PE, PET, PP, OPP, CPP, Metallised Substrates, Nylon, Cellophane, Aluminium","Film Blowing/Film Extrusion , Lamination, Printing, Bag Forming, Slitting, Gusseting, Folding, Manual Finishing","Plastic Bags for Packaging in General-Plain/Printed/Laminated, Plastic Film Rolls for Auto-Packaging, Freezer/Retort bags for Food Packaging, Shrinkable Films, Self-Adhesive Bags , Films and Bags"
https://www.mpmadirectory.org.my/members/spen-industries-sdn-bhd,Spen Industries Sdn Bhd,806017-H,2008,Selina Foo,Director,Selina Foo,Director,"No. 12 & 14, Lorong Perindustrian Bukit Minyak, Taman Bukit Minyak, Simpang Ampang",14100,Null,Pulau Pinang,Malaysia,013-930 2862,selina@spenplastic.com.my,"ABS, PA, PE, PET, PMMA, POM, PP, PS, AS, ASA","Injection Moulding , Silkscreen-painting","Bathroom/Toilet - Products, Parts and Accessories, Electrical and Electronics - Products, Parts and Accessories, Houseware, Kitchenware and Tableware - Products, Parts and Accessories, Industrial and Construction - Products and Parts, Mechanical Products and Parts, Packaging - Others"
https://www.mpmadirectory.org.my/members/spind-malaysia-sdn-bhd,Spind Malaysia Sdn Bhd,348122-P,1996,Ngai Chee Whye,General Manager,YM Cheong,Sales/HR,"38, Jalan Utama 1/2, Taman Perindustrian Puchong Utama, Puchong",47130,Null,Selangor,Malaysia,603-8060 5500,"info@spind.com.my
cwgai@spind.com.my",Nylon 6,Injection Moulding,"uPVC Floor Gully/Trap and Nylon 6 Joint fitting for HDPE Pipes , Industrial and Construction"
https://www.mpmadirectory.org.my/members/spirolite-m-sdn-bhd,Spirolite (M) Sdn Bhd,21438-U,1974,Ryan Lee Yuee Shyang,Chief Executive Officer,Chuah Seong Yaw/Chew Choon Seng,General Manager,"Lot 4, Jalan P/2A, Kawasan Perindustrian Bangi",43650,Bandar Baru Bangi,Selangor,Malaysia,603-8925 0306,"enquiries@spirolite.my
seongyaw.chuah@spirolite.my
choonseng.chew@spirolite.com",HPDE,"Pipe Extrusion, Tank Fabrication Using Extrusion Welding Process","SPIROLITE PE Pipe (for Portable Water System, Irrigation, Chemical Piping, Effluent Disposal), SPIRAL HDPE Pipe (for Culvert, Sea Intake/Outfall, Drainage, Rubbish, Chute, Sewerage, Relining), SPIRAL HDPE Tank (for Water and Chemical Strorage, HDPE Riflo , Flap-Gates), Industrial and Construction"
https://www.mpmadirectory.org.my/members/sri-dayaa-manufacturing-sdn-bhd,Sri Dayaa Manufacturing Sdn Bhd,Null,2013,S.P Ravichandran,Managing Director,J. Ragunathan,General Manager,"C404, 3rd Floor, Block C, Glomac Business Centre, Jalan SS6/1, Petaling Jaya",47301,Null,Selangor,Malaysia,603-7880 0400,"ragunathan@sridayaamfg.com
sridhayaa@gmail.com",PS,Injection Moulding,"Panasonic Air-Conditioning, Discharge Grille , Electrical and Electronics"
https://www.mpmadirectory.org.my/members/ssessments-sdn-bhd,Ssessments Sdn Bhd,1240487-K,2017,Hazafirah Hassnar (Madam),Asia Ml Manager,Wong Lai Keng,Sales Director,"Unit 31-BC-3A, Q Sentral, Jalan Sentral 2, Kuala Lumpur Sentral",50470,Kuala Lumpur,Wilayah Persekutuan,Malaysia,6013-399 8599,laikeng@ssessments.com,Null,Null,Null
https://www.mpmadirectory.org.my/members/st-polymer-industries-m-sdn-bhd,ST Polymer Industries (M) Sdn Bhd,499580-T,1999,Null,Null,Lee Kah Seng,General Manager,"3, Jalan Bistari 7, Taman Industri Jaya, Skudai",81300,Null,Johor,Malaysia,607-512 1599/6599/7599,info@stpolymer.com,"HDPE, LDPE, LLDPE","Film Blowing/Film Extrusion , Bag Making, Sealing and Punching","HDPE, LDPE, LLDPE Bags or Sheets ,Films and Bags"
https://www.mpmadirectory.org.my/members/steelworks-engineering-sdn-bhd,Steelworks Engineering Sdn Bhd,113732-U,1984,Chong Ai Wee,Executive Director,Fredric Khor,Senior Business Development,"Lot 3, Jalan CJ5, Kawasan Perindustrian Cheras Jaya, Batu 11, Balakong",43200,Null,Selangor,Malaysia,603-9074 8888,enquiry@sunnik.com.my,Fiberglass Reinforced Polyester (FRP),Hot Moulding Compression,"FRP Sectional Panel Water Tanks , Industrial and Construction"
https://www.mpmadirectory.org.my/members/stellar-films-m-sdn-bhd,Stellar Films (M) Sdn Bhd,266489-T,1993,Ong Kean Hwa,Executive Director,Ong Kean Hwa,Executive Director,"Lot 10, Jalan Sultan Muhamed 4, Kawasan Selat Klang Uttara, Port Klang",42000,Null,Selangor,Malaysia,603-3176 3419,stellar@stellarfilms.com.my,PE,Cast Extrusion,Hygiene Film
https://www.mpmadirectory.org.my/members/stenta-films-m-sdn-bhd,Stenta Films (M) Sdn Bhd,181796-T,1989,YBhg Dato' Wong Kok Hwa,Managing Director,Lim Fung Jan,Head of Lifestyle & Specialty Films,"Lot 10, Jalan P/10, Kawasan Perusahaan, Seksyen 10, Bandar Baru Bangi",43650,Null,Selangor,Malaysia,603-8924 3388/3204,"kokhwa.wong@stentafilms.com
zamri.din@stentafilms.com","PP, OPP, LLDPE",Extrusion/Orientation,"BOPP Films , Films and Bags"
https://www.mpmadirectory.org.my/members/stp-polybag-sdn-bhd,STP Polybag Sdn Bhd,Null,Null,Chan Kok Feng,Manager,Chan Kok Feng,Manager,"55 - 57, Hala Perusahaan Kledang Utara 1, Kawasan Perindustrial Park, Menglembu",31450,Null,Perak,Malaysia,605-282 7632,stppolybag88@hotmail.com,PE,Film Blowing/Film Extrusion,"Nursery, Plantation and Industrial Bags , Agricultural, Films and Bags"
https://www.mpmadirectory.org.my/members/sts-plastic-manufacturing-sdn-bhd,STS Plastic Manufacturing Sdn Bhd,619688-U,2003,Kenji Ser Kong Lam,Managing Director,Kenji Ser Kong Lam,Managing Director,"No. 6, Jalan Termostat 34/7, Bukit Kemuning Industrial Park, Section 34",40470,Shah Alam,Selangor,Malaysia,012-2244 181,kenjiser@sts.com.my,"HDPE, PP","Blow Moulding, Injection Moulding","Plastic Furniture and Automotive Parts, Furniture - Products, Parts and Accessories, Transportation - Parts and Accessories"
https://www.mpmadirectory.org.my/members/sudi-laju-sdn-bhd,Sudi Laju Sdn Bhd,175261-U,1988,GE Tan,Managing Director,Lena Tan,Managing Director,"152, Mile 7 ½, Tuaran Road, Kota Kinabalu",88400,Null,Sabah,Malaysia,6088-428 046,multi_best@yahoo.com,PE,Film Blowing/Film Extrusion,"Plain, Print & Shrinkable Plastic Bag for use in Shopping, Agricultural and Industrial Packaging Business , Agricultural, Containers and Bottles, Films and Bags, Industrial and Construction"
https://www.mpmadirectory.org.my/members/suka-chemicals-m-sdn-bhd,Suka Chemicals (M) Sdn Bhd,202542V,1990,HA Khoo,General Manager,David Lim/YP Wong,Product Manager,"Level 3, Wisma Samudra, 1, Jalan Kontraktor U1/14, Hicom-Glenmarie Industrial Park",40150,Shah Alam,Selangor,Malaysia,603-5569 3198,sales@suka.com.my,Null,Null,"Chemicals, Pigments"
https://www.mpmadirectory.org.my/members/sumitomo-corporation-asia-and-oceanie-pte-ltd,Sumitomo Corporation Asia & Oceania Pte Ltd,199101899M,1991,To Kozo,Chief Operating Officer,Nicholas Lim,"Manager, Mineral Resources, Energy, Chemical and Electronics Dept","182, Cecil Street, #22-01, Fraser Tower,",69547,Null,Null,Singapore,65-65305679,nicholas.lim@sumitomocorp.com,Null,Null,Null
https://www.mpmadirectory.org.my/members/sun-ace-kakoh-m-sdn-bhd,Sun Ace Kakoh (M) Sdn Bhd,228126 - P,1992,Chua Suet Kian,Managing Director,Frida Quek,Sales Admin Manager,"Lot Plo 23, Jalan Mashuri 2, Kluang Industrial Estate, 4½ Miles, Jalan Mersing",86000,Kluang,Johor,Malaysia,+607 - 787 9660,kamsari.parman@sunace.com.sg,"Stearic Acid, Calcium or Magnesium Hydroxide, Zinc Oxide, Waxes",Dry fusion,Manufacturer of PVC Stabilizer & Metallic Soap
https://www.mpmadirectory.org.my/members/sun-beam-plastic-sdn-bhd,Sun Beam Plastic Sdn Bhd,233072-T,1986,Kam Lup Yoong,Managing Director,Heng Yik Wai,Factory Manager,"6, Jalan Bukit 2, Kawasan Miel, Phase 1, Bandar Sri alam, Masai",81750,Null,Johor,Malaysia,607-386 1748/388 2826,sunbeamplastics@hotmail.com,"PP, GPPS, HDPE",Injection Moulding,"Housewares , Houseware"
https://www.mpmadirectory.org.my/members/sunny-packaging-industries-sdn-bhd,Sunny Packaging Industries Sdn Bhd,92969-H,1982,Jason Teo,Director,Theresa Lim,Director,"66, 68 & 70, Jalan Perdagangan 16, Taman Universiti Industrial Park, Skudai",81300,Null,Johor,Malaysia,607-520 5320,jason@sunny-packaging.com,"EVA, PE, PP, HD",Film Blowing/Film Extrusion,"PE, HD, PP Bags, Film Sheets and Rolls of Different Sizes (from 50 mm to 2500 mm in Width), With or Without Printing:- Amide and Silicon free Bags, Antistatic Bags, PE Shrink Films, EVA bags, Rice Bags, Fertillzer Bags, Vegetable Bags, Food Packing Bags, Pallet Protection sheet/Roll, Air Cargo Sheet/Roll, Agriculture Sheet/Roll , Agricultural, Films and Bags"
https://www.mpmadirectory.org.my/members/sunnyjaya-plastic-industries-sdn-bhd,Sunnyjaya Plastic Industries Sdn Bhd,Null,1999,Ong Teng Ngo,Managing Director,Ong Teng Ngo,Managing Director,"Plot 65 (A), Lorong Perindustrian Bukit Minyak 14, Kawasan Perindustrian Bukit Minyak, Seberang Perai",14100,Null,Pulau Pinang,Malaysia,604-507 3597,sunnypsb@yahoo.com,Null,Recycling,Recycled Plastic Resin
https://www.mpmadirectory.org.my/members/sunrise-plastic-manufacturing-sdn-bhd,Sunrise Plastic Manufacturing Sdn Bhd,Null,Null,Chong Chung Voon,Director,Chong Choon Loy,Director,"Lot 211 & 212, Jalan Abell, Kuching",93100,Null,Sarawak,Malaysia,6082-236 424,sunriseplastic@ymail.com,"EPS, PS",Foam Moulding,"Containers and Bottles , Containers and Bottles"
https://www.mpmadirectory.org.my/members/superace-m-sdn-bhd,Superace (M) Sdn Bhd,55468-T,1980,Lim Pak Peng,CEO,Lim Pak Peng,CEO,"Lot 202179, Jalan Zarib Tiga, Zarib Industrial Park, Ipoh",31500,Null,Perak,Malaysia,605-323 2668,superace668@yahoo.co.uk,"PC ,PP, PS, Liquid Silicone Rubber, TPG","Blow Moulding, Injection Moulding, High Frequency Welding, Pad-printing, Ultrasonic Welding","LSR Rubber, Nipples and Teats, Special Design Baby Bottles, Baby Feeding Accessories, Babies/Children's Items"
https://www.mpmadirectory.org.my/members/swanson-plastics-malaysia-sdn-bhd,Swanson Plastics (Malaysia) Sdn Bhd,Null,2000,Capt Tan Hai-Hao,Managing director,CP Bong,Sales Manager,"Plot 505, Tingkat Perusahaan 4A, Kawasan Perusahaan Perai, Zon Perdagan Bebas, Perai",13600,Seberang Perai,Pulau Pinang,Malaysia,604-392 2888,"capttan@swanson.com.my
cindylinsc@gmail.com",PE,Film Casting,"PE Stretch Film, PE Embossed Film (for hygiene products) , Films and Bags, Industrial and Construction"
https://www.mpmadirectory.org.my/members/syarikat-jun-chong-sdn-bhd,Syarikat Jun Chong Sdn Bhd,11881-U,1972,Yap Chen Chong,Managing Director,Yap Chen Chong,Managing Director,"18, Jalan Lambak, Kluang",86000,Null,Johor,Malaysia,607-772 5188,"sjcsb@junchong.com.my
sjcsb57@gmail.com","ABS, PA, PE, POM, PP, PU, PVC","Injection Moulding , Spray-painting, Ultrasonic Welding, Silkscreen-printing","Precision Engineering Plastic Injection Moulding Parts , Agricultural"
https://www.mpmadirectory.org.my/members/syarikat-nam-ah-sdn-bhd,Syarikat Nam Ah Sdn Bhd,11253-D,1971,Tai Chee Wai,Managing Director,Lee Chee Kiong,General Manager,"Lot 69, Jalan Protland Tasek Industrial Estate, Ipoh",31400,Null,Perak,Malaysia,605-291 9961/9964/9965,sales@snasb.com,PVC,"Compounds, Pipe Extrusion","PVC Compounds, PVC Pipes"
https://www.mpmadirectory.org.my/members/syarikat-perusahaan-jooi-bersaudara-sdn-bhd,Syarikat Perusahaan Jooi Bersaudara Sdn Bhd,65056-P,1989,Ng Kiah Hwa,Chief Executive Officer,Lim Kok Huang,Sales & Marketing Manager,"917 & 1510, MK 11, Jalan Kebun Nenas, Bukit Tengah, Bukit Mertajam",14000,Null,Pulau Pinang,Malaysia,604-508 1818,"kiahng@asadi.com.my
jooilim@asadi.com.my","EVA, PVC",Injection Moulding,"Manufacturer and Exporter Footwear , Footwear"
https://www.mpmadirectory.org.my/members/syarikat-raayat-industries-sdn-bhd,Syarikat Raayat Industries Sdn Bhd,45220-X,1979,Ho Min Kee,Managing Director,Ho Min Kee,Managing Director,"8, Jalan Korporat 1B/KU9, Taman Perindustrian Meru",42200,Klang,Selangor,Malaysia,603-3393 8911,hominkee@sraayat.com,"PE, PP",Film Blowing/Film Extrusion,"Limpet Bags, Bio-hazard Bags, Wallet Bags, Medical Aprons, Laundry Bags, Shopping Bags, Self-adhesive Bags, Garment Bags, Pillow-case Envelopes, PE and PP films (plain and printed) , Films and Bags, Medical"
https://www.mpmadirectory.org.my/members/syarikat-sin-kwang-plastic-industries-sdn-bhd,Syarikat Sin Kwang Plastic Industries Sdn Bhd,18591 D,1974,Y. Bhg Dato' Gan Kim Huat,Managing Director,Ivan Gan Poh San,Executive Director,"421, 4th Miles, Jalan Kluang, Batu Pahat",83000,Null,Johor,Malaysia,607-4330 777,"liew@skpres.com
ivangan@skpres.com","ABS, PC, PMMA, POM, PS, XRON, PC/ABS","Injection Moulding , Finishing, Assembly","Electrical and Electronics Products , Electrical and Electronics"
https://www.mpmadirectory.org.my/members/synergy-precision-industries-sdn-bhd,Synergy Precision Industries Sdn Bhd,320475-U,1994,Styler Chai,Director,Styler Chai,Director,"21, Persiaran Kilang, Jelapang Industrial Estate, Ipoh",30100,Null,Perak,Malaysia,605-526 5321,synprecision@yahoo.com,"LDPE, HDPE, PP, PS, SAN (AS)",Injection Moulding,"Pharmacautical Ointment Box, Bottle Cover/Cap, Bottle Insert, Pill Box, Container with Sealed Cover, Measuring Cup and Spoon, Cream Box"
https://www.mpmadirectory.org.my/members/synplastic-industries-sdn-bhd,Synplastic Industries Sdn Bhd,180246-W,1982,Teo Chee Pheng,Managing Director,Teo Chee Pheng,Managing Director,"Lot 720, Block 8, MTLD, Demak, Laut Industrial Park, Phase 3, Jalan Bako, Kuching",93050,Null,Sarawak,Malaysia,6082-433 841/42/43,heng-teo@streamyx.com,"PP, LDPE, LLDPE, HDPE, OPP, CPP Nylon","Film Blowing/Film Extrusion, Yarn Extrusion , Flexo-Graphic Printing","LDPE/HDPE Printed Shopping Bags, LDPE/PP/BOPP/CPP Printed Packaging Bags, LDPE/HDPE/PP Sheets and Bags, Nylon Strings, Drinking Straws, HDPE Printed T-shirt Bags , Cutleries, Films and Bags, Straws, Strings and Ropes"
https://www.mpmadirectory.org.my/members/t-brand-polymer-m-sdn-bhd,T-Brand Polymer (M) Sdn Bhd,36098-U,Null,Tee Boon Hwa,Managing Director,Lim Bee Eng,Manager,"16, Jalan Ekoperniagaan 2/6, Taman Ekoperniagaan, Johor Bahru",81100,Johor Bahru,Johor,Malaysia,607-353 4163,teebrandpolymer@gmail.com,Null,Recycling,"PE, PP and PS Resins"
https://www.mpmadirectory.org.my/members/t-t-a-polymers-m-sdn-bhd,T.T.A. Polymers (M) Sdn Bhd,073196-K,1969,CL Tan,Managing Director,CC Tan,Director,"3A, 5-01, Wisma Sri Weld, Weld Quay",10300,Null,Pulau Pinang,Malaysia,604-2617262,"enquiry@tta.com.my
cltan@tta.com.my
cctan@tta.com.my
chchew@tta.com.my
anniechew@tta.com.my",Null,Null,"Additives, Chemicals, Compounds, Lubricants, Resins"
https://www.mpmadirectory.org.my/members/tacoplast-industries-sdn-bhd,Tacoplast Industries Sdn Bhd,557555-M,2001,Tony See Yeow Hong,Managing Director,Tony See Yeow Hong,Managing Director,"Plot 245, Lorong Perindustrian Bukit Minyak 16, Kawasan Perindustrian Bukit Minyak, MK 13, S.P.T, Bukit Minyak, Simpang Empat",14100,Null,Pulau Pinang,Malaysia,"604-507 9366,508 7366","tacoplast@gmail.com
tonyseeyh@hotmail.com","PE, PP","Injection Moulding , Silkscreen-painting, Ultrasonic Welding, Heat Transfer Printing","Industrial Pails and Cans for Food, Paints, Lubricant and Chemical Industry, Custom Made Injection Moulding Products , Industrial and Construction"
https://www.mpmadirectory.org.my/members/tai-hong-plastic-industries-sdn-bhd,Tai Hong Plastic Industries Sdn Bhd,605381-T,1991,Poh Yiau Seng,Managing Partner,Poh Yiau Seng,Managing Partner,"TS-10196, Lorong Bertam 3, Kepala Batas, Province Wellesley",13200,Null,Pulau Pinang,Malaysia,604-575 5411/1729/2497,leanh@tm.net.my,"ABS, PA, PC, PMMA, POM ,PP, PS, HIPS, LDPE and Engineering Plastic Material","Recycling, Crushing",Recycled Resin
https://www.mpmadirectory.org.my/members/taiko-drum-industries-sdn-bhd,Taiko Drum Industries Sdn Bhd,78727-A,1981,Null,Null,Tan Sian Chin/Darren Chan Siew Leong,Plant Manager/Regional Sales & Marketing Manager,"Lot 19, Fasa II, Tangga Batu Industrial Estate, Tangga Batu",76400,Null,Melaka,Malaysia,"606-351 3088/89/90/93, 351 6081","tdim@taiko.com.my
sc.tan@taikogroup.net
lee.gy@taiko.com.my","HDPE, PE, PP","Blow Moulding, Injection Moulding","Packaging Items in General, Plastic HDPE Drum- 220 L Tight Head Single L-ring Drum, Open Head Drum (30L, 45L, 60L, 80L, 125L, 160L, 214L) , Containers and Bottles"
https://www.mpmadirectory.org.my/members/takaso-rubber-products-sdn-bhd,Takaso Rubber Products Sdn Bhd,87327-V,1978,Francis Tee (JP),Managing Director,Lee Cher Ling,Sales & Marketing Manager,"K55, Kawasan Perindustrian Tanjung Agas, Ledang",84000,Null,Johor,Malaysia,606-951 0988,"takaso@gmai.com
cherling_lee@takaso.com","PP, PE, PS, PVC, Elastomer, Silicone, Latex","Blow Moulding, Compression Moulding, Injection Moulding , Silkscreen-painting, Pad-printing, Ultrasonic Welding","Feeding Bottles, Brush, Mugs, Microwave Containers, Cup Cover, Medical and Pharmaceutical Items in General, Accessories, Pacifiers/Teats , Babies/Children's Items, Cutleries, Footwear, Houseware, Kitchenware and Tableware, Medical and Pharmaceutical, Containers and Bottles, Toiletries/Personal Items, Toys, Games, Sports"
https://www.mpmadirectory.org.my/members/tako-astatic-technology-sdn-bhd,Tako Astatic Technology Sdn Bhd,192122-X,1990,Albert Kow Kek Hing,Managing Director,Aaron Kow Chung Yang,Executive Director,"15, Jalan Kesuma 2/2 Bandar, Tasik Kesuma",43700,Beranang,Selangor,Malaysia,03-8723 8843,aaronkow@tako.com.my,"HDPE, LDPE, LLDPE, mLLDPE","Film Blowing/Film Extrusion, Printing, Lamination, Slitting, Bag Making","Medical, Cleanroom, ESD Flexible Packaging and Air Bubble Bag, Medical and Pharmaceutical - Products, Parts and Accessories, Films and Bags"
https://www.mpmadirectory.org.my/members/tan-zhuan-plastic-industries-sdn-bhd,Tan Zhuan Plastic Industries Sdn Bhd,191873-H,1990,Tan Chee Keong,Managing Director,Tan Chee Keong,Managing Director,"17 & 19 , Jalan Satria 2, JB Perdana Industrian Park, Skudai",81300,Null,Johor,Malaysia,607-511 6906/07/08/10,hr_tanzhuan@hotmail.com,"HDPE, LDPE",Film Blowing/Film Extrusion,"HD/HM Bags , Films and Bags"
https://www.mpmadirectory.org.my/members/tayo-machinery-m-sdn-bhd,Tayo Machinery (M) Sdn Bhd,810535-M,Null,Thomas Pang,Director,Null,Null,"2, 4, 6, Persiaran Industrial Bercham 13, Kawasan Perindustrian Ringan Bercham, Off Jalan Bercham, Ipoh",31400,Ipoh,Perak,Malaysia,605 - 547 6330,tayo@streamyx.com,Null,Null,Mould Makers
https://www.mpmadirectory.org.my/members/tc-polythene-manufacturing-sdn-bhd,TC Polythene Manufacturing Sdn Bhd,36098-U,1977,Tan Tai Seng,General Manager,Tan Tai Seng,General Manager,"4, Jalan Budi 9/A, Taman Perindustrian Wawasan, Batu Pahat",83000,Null,Johor,Malaysia,607-4285903/4/5,fcpmsb@gmail.com,"PE, PP, LLDPE, HDPE",Film Blowing/Film Extrusion,"Bags and Sacks for Packaging in General, Self-adhesive Bags, Garment Bags, Pillow-case, Envelope Bags , Films and Bags"
https://www.mpmadirectory.org.my/members/tcl-plastic-industries-sdn-bhd,TCL Plastic Industries Sdn Bhd,380387-A,1996,Edward Chuah,Managing Director,Edward Chuah,Managing Director,"Lot 1555, Kampung Jaya Industrial Area, Jalan Kusta, Sungai Buloh",47000,Null,Selangor,Malaysia,603-6156 0184,"lttaclcc2015@gmail.com
tclplas@po.jaring.asia","PE, PP","Film Blowing/Film Extrusion, Recycling","Agricultural Plastic Sheet and Film, Shrinkable Film/Bags, Plastic Bags, Recycled Plastic Sheet, Plastic Embossed Sheet , Agricultural, Films and Bags, Gardening"
https://www.mpmadirectory.org.my/members/techfoam-packaging-sdn-bhd,Techfoam Packaging Sdn Bhd,261324-H,1993,CK Lim,Managing Director,Raymond Lee,Marketing Manager,"6 ½ Miles, Jalan Tanjung Labuh, Karung Berkunci 505, Batu Pahat",83000,Null,Johor,Malaysia,607-428 6866,general@techfmpack.com,EPS,Foam Moulding,"EPS Foam for Packaging , Packaging"
https://www.mpmadirectory.org.my/members/teck-see-plastic-sdn-bhd,Teck See Plastic Sdn Bhd,36748-V,1984,Albert Lim,Managing Director,Lee Meow Lim,Chief Operating Officer,"Lot 4, Jalan Pasak 15/8, Off Jalan Utas, Shah Alam",40200,Null,Selangor,Malaysia,603-5510 3188,albertlim@tecksee.com.my,"ABS, EVA, PA, PC, PMMA,POM, PP, PS, PCABS, Nylon 66, PBT, Reinforced PP, Reinforced and Modified PP [(PRO,PPR)]","Injection Moulding, Precision Injection, Steam Moulding, Gas Injection, Double Colour Injection , Spray-painting, Product Modules Assembly","Electrical and Electronic Products (Computer, LCD, Video Player, Printer Casing and Parts, Audio Speaker Parts, Keytops, Keycaps); Product Assembly (that is, Front Panels, Stand Base); Automotive Products: Parts and Components Module Assembly, Bumper Modules, Instrument Panel Assembly, Interior Trims & Door Trim Assembly, Lights Assembly, Engine Part Modules; Industrial Products: Plastic Pallets, Heavy Duty Industrial Containers, Ceiling Fan, Electrical and Electronics, Industrial and Construction, OEM Manufacturing"
https://www.mpmadirectory.org.my/members/teknor-apex-asia-pacific-pte-ltd,Teknor Apex Asia Pacific Pte Ltd,196300080/Z,1963,Stanly Tan,Managing Director,Heng Hock Peow,"Business Manager, Composites","41, Shipyard Road",628134,Singapore,Singapore,Singapore,65-6265 2544,infotaap@teknorapex.com,Null,Null,"Additives, Compounds, Masterbatches, Resins"
https://www.mpmadirectory.org.my/members/teong-chuan-plastic-m-sdn-bhd,Teong Chuan Plastic (M) Sdn Bhd,33232-W,1977,Chuah Boon Ghee,Managing Director,Gary Chuah Siong Teck,Business Development Director,"8 (HQ), 11, 13, 15, Lorong Petai, Pandamaran, Port Klang, Klang",42000,Port Klang,Selangor,Malaysia,"603-3168 7481, 3167 0158","sales@teongchuan.com
gary@teongchuan.com","LLDPE, HDPE",Film Blowing/Film Extrusion,"HDPE, LDPE, Oxo-Biodegradable and Compostable Bags. Plastic Aprons & Gloves, Garbage Bags, Bags on Roll, Disposable Face Mask, Films and Bags, Strings and Ropes, Agricultural Products and Accessories"
https://www.mpmadirectory.org.my/members/teong-hin-plastic-industries-sdn-bhd,Teong Hin Plastic Industries Sdn Bhd,41019-T,1978,Tan Kin Sing,Managing Director,Mike Tan,General Manager,"3, Jalan Mashuri, Kawasan Perindustrian Kluang, Kluang",86000,Null,Johor,Malaysia,607-7879988/9281,master@teonghin.com,"ABS, PE, PP","Blow Moulding, Injection Moulding, Extrusion , Mould Making","Knapsack Sprayers, Pressure Sprayers, DC Sprayers, Backpack Sprayers, Buckles for Bag, Motorcycle Body Sets, Leg Shields, Side Covers, Motorcycle Mirrors, Front Fenders, Head Frame Covers and Custom made plastic parts, OEM Manufacturing, Textile, Apparel and Bags, Toys, Games, Sports, Transportation, Promotional and Premium Gift Items"
https://www.mpmadirectory.org.my/members/teong-kim-plastic-industries-sdn-bhd,Teong Kim Plastic Industries Sdn Bhd,95323-H,1984,Seow Teong Kim,Null,Stephany Teh,General Manager,"Lot 1, Jalan Perusahaan Kiri, Mukim of Setapak",53200,Null,Wilayah Persekutuan,Malaysia,603-4023 1626,teongkim@gmail.com,"ABS, PE, PP, AS, Acrylic, HIPS, Nylon",Injection Moulding,"Promotion & Premium items, Quality Household supplied of very wide varieties in house tooling division for special OEM projects/jobs, Clothes hanger, Hamper Basket , House Cleaning Utensils, Houseware, Industrial and Construction, OEM Manufacturing, Promotional and Premium Gifts"
https://www.mpmadirectory.org.my/members/teow-guan-chan,Teow Guan Chan,Null,1994,Tan Foh Ang,Managing Director,Tan Foh Ang,Managing Director,"1051, Jalan Pengkalan, Mukim 6, Bukit Tengah, Bukit Mertajam",14000,Null,Pulau Pinang,Malaysia,604-508 0518,Null,Null,Recycling,Recycled Resin - PE
https://www.mpmadirectory.org.my/members/texchem-materials-sdn-bhd,Texchem Materials Sdn Bhd,486955-M,1999,Yap Kee Keong,CEO,Yap Kee Keong,CEO,"Wisma Texchem, Lot 808 & 809, Jalan Subang 5, Taman Perindustrian Subang",47610,Subang Jaya,Selangor,Malaysia,603-5634 2630,"alanchong@texmat.com
yapkk@texmat.com",Null,Null,"Chemicals, Foam, Others, Resins"
https://www.mpmadirectory.org.my/members/texchem-polymers-sdn-bhd,Texchem Polymers Sdn Bhd,677985-M,2005,Dennis Cheong,Yap Kee Keong,June Lim,Customer Service Manager,"1465, Mukim 11, Lorong Perusahaan Maju 6, Prai Industrial Estate, Phase 4",13600,Prai,Pulau Pinang,Malaysia,604-507 9753,june.lim@texchem-polymers.com,"PP, PS, HIPS, ABS, TPU, SAN","Compounds, Extrusion Sheet","BIO PP, BIO SAN, BIO HDPE , Films and Bags"
https://www.mpmadirectory.org.my/members/texchem-pack-pp-sdn-bhd,Texchem-Pack (PP) Sdn Bhd,53719T,1979,Dr Yuma Konishi,President & Chief Executive Officer,Khow Hong Cheong,Executive Director,"Part of Lot 1241, Bayan Lepas Free Industrial Zone, Phase III, Bayan Lepas",11900,Null,Pulau Pinang,Malaysia,604-643 8661,"khowhc@texchem-pack.com
enquiry@texchem-pack.com","ABS, PA, PC, PE, PP, PS, PVC, PEI, PC Conductive, ABS Conductive, MPPE",Injection Moulding,"Injection Molded Containers Parts and Trays, Medical Devices Contract Assembly , Industrial and Construction, Medical, Packaging"
https://www.mpmadirectory.org.my/members/the-polyolefin-company-s-pte-ltd,The Polyolefin Company (S) Pte Ltd,198001666-D,1980,Tamaru Ikuhiro,Managing Director,Jack Seah Teck Seng,"Marketing Manager, Sales & Marketing","150, Beach Road # 10-00, Gateway West",189720,Singapore,Singapore,Singapore,65-6292 9622,JACK-SEAH@tpc.com.sg,Null,Null,"Compounds, Resins"
https://www.mpmadirectory.org.my/members/the-potential-plastics-industries-sdn-bhd,The Potential Plastics Industries Sdn Bhd,214392-T,1988,TH Saik,Director,David Saik,Director,"Plot 87, Lorong Perusahaan Maju 6, Prai Industrial Estate (Phase 4), Butterworth, Prai",13600,Null,Pulau Pinang,Malaysia,604-507 6655,marketing@potential.com.my,"PP, PPE, LLDPE, LDPE, OPP, CPP, Nylon","Film Blowing/Film Extrusion , Printing and Cutting","Quality and Value Added Commercial, Food , Industrial and Medical ESD Bags, Specialise 1 to 12 colours print , Films and Bags, Industrial and Construction, Medical"
https://www.mpmadirectory.org.my/members/thm-plastic-industries-sdn-bhd,THM Plastic Industries Sdn Bhd,389187-M,1978,Ch'ng Theng Gaik,Managing Director,Bacon Ch'ng,Null,"1334, Jalan Pahboi, Bukit Tambun, Simpang Ampat, Seberang Perai Selatan",14110,Null,Pulau Pinang,Malaysia,604-588 6777,taiyohmp@streamyx.com,"PP, LDPE, HDPE, mLLDPE, LLDPE","Film Blowing/Film Extrusion, Co-Extrusion , Printing up to 8 Colours","LDPE, HDPE, LLDPE, mLLDPE and PP Bags , Films and Bags"
https://www.mpmadirectory.org.my/members/thong-eik-masterbatch-industries-sdn-bhd,Thong Eik Masterbatch Industries Sdn Bhd,262816-X,1993,Wang Kuan Tang,Director,Wong Cheng Cheng,Sales & Purchase Executive,"1078, Jalan Aman 5/2, Kawasan Perindustrian Taman Makmur, Sg. Seluang",9600,Lunas,Kedah,Malaysia,"604-484 3558, 484 5067",thongeik@gmail.com,Null,Null,"Additives, Compounds, Masterbatches, Pigments, Resins, Stabilisers"
https://www.mpmadirectory.org.my/members/thong-guan-plastic-paper-industries-sdn-bhd,Thong Guan Plastic & Paper Industries Sdn Bhd,73976-V,1977,YBhg Dato' PC Ang,CEO/ Managing Director,YBhg Dato' PK Ang/ Alvin Ang,Director/Director,"Lot 52, Jalan PKNK 1/6, Kawasan Perusahaan Sungai Petani, Sungai Petani",8000,Null,Kedah,Malaysia,604-4417888,"info@thongguan.com
adminhr@thongguan.com","PE, PP, LD, LLDPE, MLL, HDPE","Film Blowing/Film Extrusion, Film Casting, Blown and Cast Co-Extrusion, Bag Making","Cast Pallet Stretch Film, Blown Shrink Film, PE/PP Film, Sleeve and Bags, 100% Biodegradable Products/Flexible Packaging, Courier Bags , Films and Bags"
https://www.mpmadirectory.org.my/members/thong-mee-plastic-packaging-sdn-bhd,Thong Mee Plastic & Packaging Sdn Bhd,258253-U,1980,Yuen Lai Yeng,Managing Director,Yuen Lai Yeng,Managing Director,"11, Jalan Zarib 1, Zarib Industrial Park, Ipoh",31500,Null,Perak,Malaysia,605-322 6829,thongmeepp@yahoo.com,"PVC, HDPE, LDPE, HIPS","Compression Moulding, Film Blowing/Film Extrusion, Sheet Extrusion, Calendering","PVC Rigid Film, Plastic Boxes, Cases and Trays, HDPE and LDPE Bags"
https://www.mpmadirectory.org.my/members/timur-p-a-pipe-industry-sdn-bhd,Timur P.A. Pipe Industry Sdn Bhd,289692-X,1994,YBhg Dato' Loh Keng Chong,Executive Chairman,Loh Chiak Eong,Managing Director,"159, G1 Wisma Lam Hong (Ground Floor), Jalan Sungai Pinang",10150,Null,Pulau Pinang,Malaysia,"604-281 3000, 416 9888",info@timurpapipe.com,PE,"Pipe Extrusion , Ultrasonic Welding","PE/Aluminum Composite Pipe for Cold and Hot Water, Gas and Compressed Air Application , Industrial and Construction"
https://www.mpmadirectory.org.my/members/tin-ho-sdn-bhd,Tin Ho Sdn Bhd,202101000733 (1401031-X),2021,Hoo Chooi Yoon,Director,Hoo Chooi Yoon,Director,"No. 36, Persiaran Perindustrian Pengkalan 2, Kawasan Peridnustrian Pengkalan",31500,Lahat,Perak,Malaysia,605-321 0616,tinhotrading@gmail.com,"PVC, PE, PP, Acetal","Ideation, Prototyping , Sourcing, Costing, Commercialization","Hydroponics Trunking, Flower Pot, Acetal Clip, Tubing, Industrial and Construction"
https://www.mpmadirectory.org.my/members/tlg-packaging-sdn-bhd,TLG Packaging Sdn Bhd,278853-T,1993,Tan Aun Sim,Director,Null,Null,"137, 1st Floor, Jalan Susor Pemuda 2",85000,Segamat,Johor,Malaysia,+607 - 931 2769,tlgpackaging@gmail.com,"PS, PP","Sheet Extrusion, Forming Machine","Lunch Box, Fruit Tray, Biscuit Tray & Etc. Foam Products, Packaging - Others"
https://www.mpmadirectory.org.my/members/todays-plastics-industries-sdn-bhd,Today's Plastics Industries Sdn Bhd,83669-M,1982,Woon Chien Yang,Operation Manager,Anthony Woon,Director,"Lot 22, Jalan RP3, Rawang Perdana Industrial Estate, Rawang",48000,Null,Selangor,Malaysia,603-6091 3366; 6017-333 2212,enquiry@todays.com.my,"PET, PP, LLDPE, COC/COP","Injection Moulding, Injection Stretch Blow Moulding","PET Bottles, Containers, Closures & Custom-made, Industrial and Construction, Containers and Bottles"
https://www.mpmadirectory.org.my/members/toho-plastic-industries-sdn-bhd,Toho Plastic Industries Sdn Bhd,1440745-H,2021,Ho Thau Phin @ Thomas Ho,Managing Director,Stella Ho,Null,"Lot No. 7, Lorong Perindustrian Kolombong Jaya, Pusat Perindustrian Kolombong Jaya, Miles 5 ½, Jalan Kolombong, Kota Kinabalu",88450,Null,Sabah,Malaysia,"6088-385 555, 012-833 8552",tohopisb@gmail.com,"HIPS, PP",Injection Moulding,"Fittings for uPVC Electrical Conduit Pipe , Electrical and Electronics"
https://www.mpmadirectory.org.my/members/toling-corporation-m-sdn-bhd,Toling Corporation (M) Sdn Bhd,224464-P,1991,YBhg Dato' Teoh Chew Peng,Chairman,Pat Teoh/Abby Teoh,Executive Director,"3rd & 4th Floors, 28, Lebuh Gereja",10200,Null,Pulau Pinang,Malaysia,604-262 7771,customerservice@tolingcorp.com,Null,Null,Resins
https://www.mpmadirectory.org.my/members/tong-hong-plastic-industries,Tong Hong Plastic Industries,Null,2003,Kow Weng Huong,Director,Saw Kia Hong,Sales Director,"23, Jalan Jelapang Maju 2, Taman Perindustrian Ringan, Jelapang Maju, Ipoh",30020,Null,Perak,Malaysia,605-526 1323,thplas@yahoo.com,"PE, PP, HDPE","Blow Moulding, Injection Moulding","Marine Products, Floats and Nets Buckle, Water Sprinkle Accessories, Containers Caps and Insert , Agricultural, Containers and Bottles, Gardening"
https://www.mpmadirectory.org.my/members/tonma-polyethylene-sdn-bhd,Tonma Polyethylene Sdn Bhd,493949-A,1979,Null,Null,Chng Tong Lin,Marketing Manager,"Lot 2, Kawasan Miel, Semambu, Kuantan",25350,Null,Pahang,Malaysia,609-566 1452,tonglin@tonmaplastic.com,"PE, PP, LLDPE, HDPE","Film Blowing/Film Extrusion, Pipe Extrusion","T-Shirt Bags, Packaging Bags, Garbage Bags, Industries Bags, HD/LDPE Pipes , Films and Bags, Industrial and Construction"
https://www.mpmadirectory.org.my/members/top-bright-industries-sdn-bhd,Top Bright Industries Sdn Bhd,1166433-M,2015,Goh Siew Lee,Director,Isa Bin Radimin,General Manager,"No. 2 & 4, Jalan Sagai 4, Sime Darby Business Park",81700,Pasir Gudang,Johor,Malaysia,607-255 7703,eossgrand@hotmail.com,"Calcium Carbonate, Masterbatch","Blow Moulding, Extrusion","Jerrycan, Industrial and Construction - Products and Parts"
https://www.mpmadirectory.org.my/members/top-cc-plastic-masterbatches-sdn-bhd,Top CC & Plastic Masterbatches Sdn Bhd,1070640-A,2013,Walter Chee,Director,John Tan,General Manager,"3, Jalan Perusahaan, Kawasan Perindustrian Parit Hulu, Bukit Bakri",84200,Muar,Johor,Malaysia,606-986 3239,"topcc123@gmail.com
general@topcc.com.my","PE, PP","Compounds, Compound Extrusion","Calcium Carbonate (CC), Masterbatch, Color Masterbatch"
https://www.mpmadirectory.org.my/members/top-sifu-m-sdn-bhd,Top Sifu (M) Sdn Bhd,201301015170 (1045003-X),2013,Cheong Chen Kent,Director,Cheong Chen Hao,General Manager,"37, Jalan Semenyih Integrated 3, Semenyih Integrated Industrial Park",43500,Semenyih,Selangor,Malaysia,603-8727 7698,topsifu@gmail.com,"HDPE, LLDPE, LDPE, PP","Blowing, Extrusion Pelletising (Recycling), Converting","Plastic Bag, Recycled Resins"
https://www.mpmadirectory.org.my/members/top-ten-plastics-industries-sdn-bhd,Top Ten Plastics Industries Sdn Bhd,277634-P,1993,Chong Fatt Koh,Chief Operating Officer,Cheong Kok Wai,Managing Director,"11, Persiaran Perindustrian Silibin 1, Kawasan Perindustrian Ringan Silibin, Ipoh",30100,Ipoh,Perak,Malaysia,605-527 2888/4698/7219,info@toptenplastics.com,"PE, PET, MLDPE, MPET, CPP, MCPP, RCPP,OPP, MOPP, BOPP, Nylon, Aluminium Foil, Copolymer",Film Blowing/Film Extrusion,"Bags/Sheet in foll for (Rice, Oil, Frozen Food, Foodstuffs, Beverages, Dairies, Hygienic). Stand Up Pouch, 3 Side Seal, Bottom Seal, Siide Seal, Center Seal, One Side/Both Side Gussett, PE Shrink and UV Films"
https://www.mpmadirectory.org.my/members/top-a-plastic-sdn-bhd,Top-A Plastic Sdn Bhd,314073-X,1994,Alice Yeap Chooi Peng,Managing Director,Alice Yeap Chooi Peng,Managing Director,"Lot 2398, Jalan Dato Mohd Sidin, Off Jalan Connaught Bridge, Klang",41300,Null,Selangor,Malaysia,"603-3343 5796/8620,3342 3589",general@topaplastic.com,"ABS, PC, POM, PP, HIPS","Injection Moulding , Printing, Spraying, Assembly, Metal Coating","Industrial Parts, Household and Engineering Parts, Home Appliances, Thermos Flasks , Houseware, Industrial and Construction, Mechanical"
https://www.mpmadirectory.org.my/members/topaz-dynasty-sdn-bhd,Topaz Dynasty Sdn Bhd,Null,1997,Poh Kee Huat,Managing Director,Poh Kee Huat,Managing Director,"P13-05, Jalan BM1/8, Mutiara Oriental Condominium, Taman Bukit Mayang Emas",47301,Petaling Jaya,Selangor,Malaysia,603 - 7880 4486,"topazdyn@tm.net.my
khpoh@tm.net.my",Null,Null,"Compounds, Resin"
https://www.mpmadirectory.org.my/members/topflight-plastics-sdn-bhd,Topflight Plastics Sdn Bhd,1066704-P,2013,Yap Chee Jin,Managing Director,Null,Null,"Plo 742, Jalan Keluli 12, Kawasan Perindustrian Pasir Gudang",81700,Pasir Gudang,Johor,Malaysia,+607-289 7337,elroy.yap@topflightplastics.com,Null,Extrusion Pelletising (Recycling),Recycled Resin
https://www.mpmadirectory.org.my/members/toray-plastics-malaysia-sdn-bhd,Toray Plastics (Malaysia) Sdn Bhd,46619-P,1990,Akihiro Omura,Managing Director,Mitsunori Moriyama,Sales & Marketing Division Director,"2628, MK 1, SPT, Lorong Perusahaan 4, Prai Free Industrial Zone",13600,Prai,Pulau Pinang,Malaysia,604 - 398 8088,sales.tpm@pengroup.com.my,Null,Null,Resins
https://www.mpmadirectory.org.my/members/toshiba-machine-se-asia-pte-ltd,Toshiba Machine SE Asia Pte Ltd,993547 M,1994,Kataro Tani,Managing Director,Hiroki Saito,Sales Manager,"Unit No 39-1, Block C2, Jalan PJU 1/39, Dataran Prima",47301,Petaling Jaya,Selangor,Malaysia,603-7803 7544,"tosmacm@toshiba-machine.com.my
annie@toshiba-machine.com.my",Null,Null,"Machinery Supplier, Equipment Supplier"
https://www.mpmadirectory.org.my/members/toyo-ink-sdn-bhd,Toyo Ink Sdn Bhd,45097 - M,1979,Song Kok Cheong,Managing Director,Null,Null,"PT 3477, Jalan 6/1, Kaw Perusahaan Seri Kembangan",43300,Seri Kembangan,Selangor,Malaysia,603-8942 3335,marketing@toyoink.com.my,Null,Null,Ink
https://www.mpmadirectory.org.my/members/toyo-plastic-m-sdn-bhd,Toyo Plastic (M) Sdn Bhd,7946D,1968,Chan Kwong Sing,Managing Director,Mark Chan,Executive Director,"Lot 56, Tasek Industrial Estate, Ipoh",31400,Null,Perak,Malaysia,605-547 5818,"toyo8@topla.com.my
y_oi@topla.com.my","ABS, PE, PP, PS, HIPS, PS Clear","Sheet Extrusion, Thermoforming, Injection Moulding","Automotive, Electrical, Agriculture, Building and Construction, Advertising , Electrical and Electronics, Industrial and Construction, Transportation, Promotional and Premium Gift Items"
https://www.mpmadirectory.org.my/members/toyochem-specialty-chemical-sdn-bhd,Toyochem Specialty Chemical Sdn Bhd,Null,1988,Alexander Chen,Managing Director,Alexander Chen,Managing Director,"10, Jalan Pengapit (15/19), Section 15",40000,Shah Alam,Selangor,Malaysia,603-5510 9606,info@toyochem.com.my,Null,Null,"Ink, Machinery Supplier, Equipment Supplier, Pigments, Resins"
https://www.mpmadirectory.org.my/members/tpe-healthcare-sdn-bhd,TPE Healthcare Sdn Bhd,1420012-P,2021,Keith Ng,Marketing Director,Keith Ng,Marketing Director,"Lot 2-42, Jalan SU 7 Lion Industrial Park, Taman Perindustrian Subang, Seksyen 22, Shah Alam",40300,Null,Selangor,Malaysia,603-5191 0100,admin@tpehealthcare.com,Thermoplastic Elastomer,Extrusion,"Disposable Tourniquet, Medical and Pharmaceutical"
https://www.mpmadirectory.org.my/members/tpi-plastic-industries-m-sdn-bhd,TPI Plastic Industries (M) Sdn Bhd,844614-U,1991,Choong Kon Chee,Managing Director,Choong Kon Chee,Managing Director,"16, Lorong Nagasari 9, Taman Nagasari, Kawasan Perusahaan Perai, Perai",13600,Null,Pulau Pinang,Malaysia,604-399 3937,"everyield@hotmail.com
info@tpiplas.com","ABS, HDPE, LDPE, LLDPE, HI, GPPS PET","Injection Moulding, Blow Moulding, Extrusion, Thermoforming , Silkscreen-painting, Hot Stamping","Plastic Packaging, Jar, Bottle, Containers, Boxes, Closures , Containers and Bottles"
https://www.mpmadirectory.org.my/members/trans-certification-and-inspection-sdn-bhd,Trans Certification International Sdn Bhd,1257088-T,2017,Null,Null,Mohd Rizal Bin MD Kassim,Business Development Director,"B30, Level 1, Jalan IM 2/5, Bandar Indera Mahkota, Kuantan",25200,Null,Pahang,Malaysia,609-575 133,info@transcert.com.my,Null,Null,Services
https://www.mpmadirectory.org.my/members/trienekens-sarawak-sdn-bhd,Trienekens (Sarawak) Sdn Bhd,485298 - V,1999,Strphen Chin,Group Chief Executive Director,Jeremy Sim,"Devision Manager, Business","216, Jalan Sungai Tapang, Lot 2040, Block 15, MTLD",93250,Kuching,Sarawak,Malaysia,+6082-610 700,customercare@trienekens.com.my,Null,Null,Wastes Management
https://www.mpmadirectory.org.my/members/triplus-industry-sdn-bhd,Triplus Industry Sdn Bhd,297196-U,Null,Yeon Kok Kuang,Managing Director,Liung Chee Seng/Evon Yeon,Senior Manager - Business Development/Assistant Manager - Business Development,"Lot 5012-5013, Jalan Teratai, 5.5th Miles, Meru, Klang",41050,Null,Selangor,Malaysia,603-3392 9788,"yeonkk@triplus.com.my
evonyeon@triplus.com.my","PC, PC-ABS, PMMA, PP, POM, PS, PA, PBT","Injection Moulding , Spray-painting - 2K & UV, Silkscreen-painting, Sub-Assembly, Laser Cut/Marking/Engraving, Tempo Print, Hot roll/stamp","Electronics Industry (Gadget), TV Frame & Stand, Computer Hard Disc, Automotive (Airbag & Interior) Airlines Food & Beverages serving products, Smart Copier, Home appliances, Fasten Equipment, Music Instrument , Electrical and Electronics, Houseware, Kitchenware and Tableware"
https://www.mpmadirectory.org.my/members/trocellen-s-e-a-sdn-bhd,Trocellen S.E.A Sdn Bhd,116243-U,1984,SF Chew,Managing Director,CJ Lim,Senior Sales & Marketing Manager,"Lot 2213, Batu 9 Kebun Baru, Jalan Kasawari, Telok Panglima Garang",46300,Null,Selangor,Malaysia,603-3122 1213,chew@trocellen.com.my,"LDPE, HDPE, EVA Copolymer","Foam Moulding, Thermoforming, Extrusion , Calendering, Lamination, Splitting, Emboss, Die Cut, Tubing, Slitting","Cross-linked Polyethylene Foam, Supplied in Rolls or Sheets. Density Range 25-200 kg/m. Thickness Range 3-20 mm, Greater Thickness Can Be Achieved By Lamination. Application: Roof Thermal Insulation, Air-con Ducting Insulation, Expansion Joint Filler, Tubin , Foam, Footwear, Industrial and Construction, OEM Manufacturing, Recreational, Transportation"
https://www.mpmadirectory.org.my/members/ts-plastics-sdn-bhd,TS Plastics Sdn Bhd,199501040900 (370104-A),1977,Masahiro Nagaoka,Managing Director,Vincent Oh Kai Hoo,Executive Director,"PT 30130-30131, Off Jalan Johan 2/1A, Estet Perindustrian Pengkalan II, Pusing",31550,Null,Perak,Malaysia,"605-365 2899/4899,366 6899/7899","tsplastics@gmail.com
vincentoh77my@ts-plastics.com","PE, PP, BOPP, CPP, LLDPE, Polyester, Nylon Film, Foil",Printing & Lamination,"Bags and Sacks for Packaging in General, Laminate Film, BOPP Film Laminate, Cup Lid, Chocolate Wrapper, Paper Foil, Beer Foil, Chunky Bar Foil"
https://www.mpmadirectory.org.my/members/tsl-plastic-manufacturing-sdn-bhd,TSL Plastic Manufacturing Sdn Bhd,55112-P,1980,Null,Null,Tan Kui Heong,Managing Director,"Lot 262, MK 19, Mengkuang TITI, Jalan Ara Kuda, Bukit Mertajam",14000,Null,Pulau Pinang,Malaysia,604-521 2333,tsl3333@pd.jaring.my,"PE, LDPE, LLDPE, HDPE",Film Blowing/Film Extrusion,"PE/HM bags-including Agriculture Bags, PE Sheets , Agricultural, Films and Bags"
https://www.mpmadirectory.org.my/members/tube-home-m-sdn-bhd,Tube Home (M) Sdn Bhd,206062-P,1976,Y. Bhg Dato' Tan Yok Chin,Chairman,Tan Kai Lim,Managing Director,"6, Jalan Perusahaan 2, Kawasan Perusahaan Beranang, Hulu Langat",43700,Null,Selangor,Malaysia,603-8766 6003,main@tubehomefurniture.com,"PP, Steel, Timber, Aluminium",Injection Moulding,"Plastic Chairs, Plastic Stools, Plastic Folding Table, Student Desks, School Furniture, Plastic Drawers, Furniture"
https://www.mpmadirectory.org.my/members/tycoplas-sdn-bhd,Tycoplas Sdn Bhd,720301-A,2006,Hedy Yong Guay Leng,Managing Director,Stephanie Liew,Business Development Manager,"Lot 2222, Jalan Hospital, Sungai Buloh Industrial Area, Sungai Buloh",47000,Null,Selangor,Malaysia,603-6141 4346,"hedy@tycoplas.com
admin_hr@tycoplas.com
export@tycoplas.com","PP, PS, PET, HIPS, LDPE, HDPE","Foam Moulding, Injection Moulding, Thermoforming , Forming, Blowing","Foam Food Box, Plate, Plastic Cutlery, Drinking Straw, Microwavable Containers, Plastic Cup, Plastic Container, Plastic Lid, Absorbent Foam Trays, Bowls & Foam Meat Tray, Hinged Lid Sauce Containers, HIPS Containers and Plates, RPET & PP Foam Boxes, PP Thermoforming Products, Sandwich Wedge, Tamper Evident PP Containers, Absorbent PET Tray, RPET Salad Bowls and Sushi Boxes, Plastic Carrier Bags and Produce Rolls, Cutleries, Foam Products, Containers and Bottles, Straws"
https://www.mpmadirectory.org.my/members/u-lik-m-sdn-bhd,U-Lik (M) Sdn Bhd,26648-T,1976,Terence Lau,CEO,Terence Lau,CEO,"Lot 4842, Balakong N/V, Seri Kembangan",43300,Null,Selangor,Malaysia,603-8961 1149,sales@u-lik.com.my,"ABS, PE, PP, PS, PET-G","Blow Moulding, Injection Moulding , Silkscreen-painting, Pad-printing, Ultrasonic Welding, Hot Stamping, Shrink Wrapping","Pharmaceutical Bottles and Containers, Skincare and Cosmetic Bottles,/Containers and Cream Jars, Toiletry Bottles and Containers for Shampoo/Lotion/Detergent, etc, Sample Packs for Skincare and Toiletry (for hotel, etc), Jerry Cans and Containers for Industrial Purpose , Agricultural, Containers and Bottles, Medical, Promotional and Premium Gifts Items"
https://www.mpmadirectory.org.my/members/uhua-plas-industries-sdn-bhd,Uhua-Plas Industries Sdn Bhd,161533T,1987,Wong Giak Seng,Managing Director,Alex Wong,Management Executive,"5, Jalan KPK 1/3, Kawasan Perindustrian Kundang",48020,Rawang,Selangor,Malaysia,603-6034 2228,"alexw.uhuaplas@gmail.com
uhuaplas.uw@gmail.com","HDPE, PP, PET","Blow Moulding, Injection Moulding","Bottle, Jar, Cap, Container"
https://www.mpmadirectory.org.my/members/uniang-plastic-industries-sabah-sdn-bhd,Uniang Plastic Industries (Sabah) Sdn Bhd,57039-H,1980,Datuk Alan Ang Poon Seong,Managing Director,Chua Chiew Gee,Operation Manager,"11.2km, Jalan Tuaran, Inanam",89350,Null,Sabah,Malaysia,6088-423 881,psang@uniang.com,"PET, PP (Film), LLDPE, HDPE, OPP, CPP, MCPP, PET, MPET, Nylon Film","Film Blowing/Film Extrusion , Lamination, Printing, Slitting, Bagging","Multi Layers Flexible Plastic Packaging , Agricultural, Films and Bags"
https://www.mpmadirectory.org.my/members/unic-plastech-m-sdn-bhd,Unic Plastech (M) Sdn Bhd,1311042-K,2019,Lee Yew Keong,Executive Director,Leong Choy Chu,General Manager,"Lot 48 Kawasan MIEL, Bakar Arang Industrial Estate, Sungai Petani",8000,Null,Kedah,Malaysia,604-425 3889,unic2u_marketing@yahoo.com,"PBT, Acrylic, PC/ABS, HIPS, PC, PP, PE, HDPE, ABS, PET & Colour Pigments","Extrusion Pelletising (Recycling), Compounding","Recycled Plastic Pellet & Plastic Color Compound , Recycled Resin & Compound"
https://www.mpmadirectory.org.my/members/unic-technology-malaysia-sdn-bhd,Unic Technology (Malaysia) Sdn Bhd,181208-D,1989,Jirasak,Vice President,Sean Liau,Sales Manager,"Unit 30-01, Level 30, Tower A, Vertical Business Suite, Avenue 3, Bangsar South, No. 8, Jalan Kerinchi",59200,Null,Kuala Lumpur,Malaysia,606-6016088; 6012-611 0781,unicsales1@unicgroup.com,Null,Null,Supplier of Compound and Masterbatch
https://www.mpmadirectory.org.my/members/unicolor-polymer-technology-sdn-bhd,Unicolor Polymer Technology Sdn Bhd,Null,1998,Kuek Chin Khee,CEO,Ng Hang Min,Managing Director,"Lot 226, Jalan PKNK Utama, Kawasan Perusahaan Sungai Petani, Taman Ria",8000,Sungai Petani,Kedah,Malaysia,604-4415 112,marketing@unicoloursb.com,Null,Null,"Additives, Compounds, Masterbatches, Pigments, Resins, Solvents"
https://www.mpmadirectory.org.my/members/unimax-packaging-sdn-bhd,Unimax Packaging Sdn Bhd,1239682-V,2017,Wong Sing Yien,Director,Null,Null,"6, Jalan Teng Kung Suk 4, Upper Lanang",96000,Sibu,Sarawak,Malaysia,084-231 313,unimaxpackaging@gmail.com,"PET Crystalline, PET Preform, Flakes, Granule, Polymer Additives",Tape Extrusion,"Polyester Strapping, Packaging - Others"
https://www.mpmadirectory.org.my/members/unimexco-industries-sdn-bhd,Unimexco Industries Sdn Bhd,30092-V,1975,CK Lee,Chief Executive Officer,CS Yong,Operation Manager,"Lot 24, Jalan Industri 3/1, Gopeng Industrial Park, Jalan Gopeng, Gopeng",31600,Null,Perak,Malaysia,605-357 8122/1633,info@umc.com.my,"ABS, PP, PVC",Pipe Extrusion,"PVC Tubes, Hoses,uPVC Doors, uPVC Hydroponic Pipes & Profiles , Films and Bags, Industrial and Construction"
https://www.mpmadirectory.org.my/members/unip-plastic-industries-sdn-bhd,Unip Plastic Industries Sdn Bhd,183257 X,1989,Wong Peng Soon,Managing Director,Choong Moi Kwee,Director,"Lot 3, Jalan CJ1/6, Kaw. Perusahaan Cheras Jaya, Jalan Balakong, Batu 11, Cheras",43200,Null,Selangor,Malaysia,603-9074 2451,"unip@po.jaring.asia
pswong@unipberhad.com
mkchoong@unipberhad.com","ABS, PET, PP, PS, SAN",Injection Moulding,"IM Products, Ball Pens, Oral Care Products , Stationery"
https://www.mpmadirectory.org.my/members/unipipes-m-sdn-bhd,Unipipes (M) Sdn Bhd,197901005949 (50233-A),1979,Ewe Boon Siew,Chairman,Chuah Chee Leong,Managing Director,"Lot 489, Lorong Perusahaan Baru 2, Prai Industrial Estate, Prai",13600,Null,Pulau Pinang,Malaysia,604-390 3816,"clchuah@unipipes.com.my
kfneoh@unipipes.com.my","ABS, PA, PC, PE, PMMA, POM, PS, SAN","Injection Moulding , Spray-painting, Silkscreen-painting, Hot Stamping, Hot Roll and Assembly, Tool Design and Construction","Plastic Injection Mould, Engineering and General Purpose Plastic for (Audio Product, Audio Speaker, Telecommunication Product, IT Product, Engineering Product, Consumer Product) , Electrical and Electronics, Telecommunication"
https://www.mpmadirectory.org.my/members/uniplast-polymers-sdn-bhd,Uniplast Polymers Sdn Bhd,Null,1990,K.Thangamuthu,Director,Subhramani,Executive Officer,"1, Jalan 12/10, Taman Koperasi Polis Fasa 1",68100,Gombak,Selangor,Malaysia,603-6187 2936,uniplastpolymerssb@gmail.com,Null,Null,Trading In Plastic Resin
https://www.mpmadirectory.org.my/members/unique-capability-sdn-bhd,Unique Capability Sdn Bhd,267036-D,1993,Oo Kwang Tung,Director,Oo Kwang Tung,Director,"Lot 252, Jalan Kuala Selangor, IJOK, Batang Berjuntai",45620,Null,Selangor,Malaysia,603-6038 1000/1003,unc@uniquecapability.com,PVC,Recycling,PVC Compound
https://www.mpmadirectory.org.my/members/unique-diamond-sdn-bhd,Unique Diamond Sdn Bhd,Null,1992,Gan Boon Khim,Managing Director,Wang Kim Suan,Operations Manager,"Lot 2735, Jalan Raja Nong, Taman Sentosa, Klang",41200,Null,Selangor,Malaysia,603-5162 1268/126/1266,info@unique-diamond.com.my,"ABS, PBTP, PC, PE, PMMA, POM, PP, PS","Injection Moulding , Spray-painting, Silkscreen-painting, Pad-printing, Hot stamping, Sub Assembly","Audio Visual Parts, Camcorder, Video Cassette and Parts, Electrical and Electronic Products and Parts, Telecommunication Equipment Parts, Compact Discs, Watch Cases and Bands, Precision Injection Parts , Electrical and Electronics, Mechanical, Telecommunication"
https://www.mpmadirectory.org.my/members/unistar-industries-sdn-bhd,Unistar Industries Sdn Bhd,1260000-U,2017,Ang Say Meng,Director,Ang Say Meng,Director,"No. 12A, Jalan Wawasan 2B/KV7, Sungai Kapar Indah",42200,Kapar,Selangor,Malaysia,603-3290 5556,general@unistar.my,Recycled LDPE,Extrusion Blow Film,"LDPE Sheet, Construction Film, Protection Sheet, LDPE Jumbo Roll/Handy Roll, Industrial and Construction - Products and Parts, Packaging - Others"
https://www.mpmadirectory.org.my/members/united-blue-star-plastics-sdn-bhd,United Blue Star Plastics Sdn Bhd,316396-A,1961,Ching Yong Kong,Chairman,Jason Ching Wai Min,Managing Director,"Plot 1031, Lorong Makmur 4/7, Kawasan Perusahaan Taman Makmur, Lunas, Sungai Seluang",9600,Null,Kedah,Malaysia,604-484 7685,unitedbluestar@pd.jaring.my,"PE, PP, HDPE, LLDPE","Film Blowing/Film Extrusion , Slitting","OEM Manufacturing (Film Blowing), Laundry Bags, Shopping Bags, Garment Bags, Slitting Film , Films and Bags, OEM Manufacturing"
https://www.mpmadirectory.org.my/members/united-caps-kulim-sdn-bhd,United Caps Kulim Sdn Bhd,1220686,2017,Benoit Henckes,Chief Executive Officer,Sabastian,Business Director APAC,"No. 7 & 8, Lorong Hi-Tech 2/6, Kulim Hi-Tech Park, Kulim",9090,Null,Kedah,Malaysia,+604-371 7825,Null,Null,Injection Moulding,"Caps and Closures, Containers and Bottles"
https://www.mpmadirectory.org.my/members/united-plastics-sdn-bhd,United Plastics Sdn Bhd,4692-A,1962,Richard Tan,Managing Director,Chen Teck Keen,Sales Manager,"PLO 12, Jalan Perindustrian, Kawasan Perindustrian Senai, Senai",81400,Null,Johor,Malaysia,607-599 2489,"upsbrt@unicaplastics.com
upsbsale@unicaplastics.com","PP, HDPE, AS","Blow Moulding, Injection Moulding , Silkscreen-painting, Pad-printing","Householdware, Packaging Products, Industrial Containers, Hospitality Products and Custom-Moulding , Films and Bags, Houseware, Industrial and Construction, OEM Manufacturing"
https://www.mpmadirectory.org.my/members/universal-plastics-industries-sdn-bhd,Universal Plastics Industries Sdn Bhd,12359-T,1972,Hah Kar Kian,CEO,Hah Kar Kian,CEO,"4-5, Lorong Mak Mandin Satu, Mak Mandin Industrial Estate, Butterworth",13400,Null,Pulau Pinang,Malaysia,"604-323 1522, 331 2780/8163",nettrade.universal@yahoo.com,"PET, PP, HDPE, LDPE, LLDPE, OPP, Nylon, Aluminium Foil",Film Blowing/Film Extrusion,"Plain and Printed LDP, HDPE and PP Bags, Heavy Duty LDPE Rice Bags, Agricultural Bags, Side-Sealed Bags (Envelopes, Self-adhesives), Shrink-Wrap, Bag on Rolls , Multicolour Printing, Laminated Products for Flexible Packaging, Packaging Film or Roll for Automatic Packing , Agricultural, Films and Bags"
https://www.mpmadirectory.org.my/members/usmp-industries-sdn-bhd,USMP Industries Sdn Bhd,Null,2007,Null,Null,Kelvin Kiu Kong Ik,Null,"Lot 1528 - 1529, Permy Technology Park, Bandar Baru Permyjaya, Jalan Tudan, Miri",98100,Null,Sarawak,Malaysia,6085-661 500,Null,HDPE,Film Blowing/Film Extrusion,"Printing Bags , Films and Bags"
https://www.mpmadirectory.org.my/members/v-s-industry-sdn-bhd,V.S. Industry Sdn Bhd,Null,1982,Beh Kim Ling,Executive Chairman,Gan Tiong Sia,Executive Director,"PLO 39, Senai Industrial Estate, Senai",81400,Null,Johor,Malaysia,607-599 4199,tsgan@vs-i.com,"ABS, PC, PMMA, POM, PS, SAN, HIPS","Injection Moulding , Spray-painting, Silkscreen-painting, Hot Stamping, Tampo Printing, Mould Design and Fabrication, AI, SMT, COB and Electronics Assembly","Radio Parts, TV and Telephone Parts, Electronic Parts, Remote Control Unit Assembly , Electrical and Electronics, Stationery, Telecommunication"
https://www.mpmadirectory.org.my/members/vamptech-malaysia-sdn-bhd,Vamptech Malaysia Sdn Bhd,2016100700,2016,Luis Beumala Herrera,Chief Executive Officer,Poh Juin-Yin,General Manager,"1185, Solok Perindustrian Bukit Minyak, Taman Perindustrian Bukit Minyak",14100,Simpang Ampat,Pulau Pinang,Malaysia,04-202 3121,poh@vamptech.com,"PA66, PA6, PP, PBT, ABS, PC, PC/ABS, PPA",Extrusion,"Flame Retardant and Mechanical Reinforced Plastic Compounds (PA66, PA6, PP, PBT, ABS, PC, PC/ABS, PPA etc.), Compounds"
https://www.mpmadirectory.org.my/members/various-resources-m-sdn-bhd,Various Resources (M) Sdn Bhd,561608-T,2001,Tang Hong Koon,Managing Director,Alices Gor,General Manager,"23, Jalan Idaman 1/1, Senai Industrial Park, Senai",81400,Null,Johor,Malaysia,607-599 4880/5880,"various@variousresources.com
various@variousresources.com
hktang@variousresources.com","LDPE, HDPE, LLDPE","Film Blowing/Film Extrusion, Foam Moulding , Lamination","PE Foam, LDPE/HDPE Films or Bags , Films and Bags, Foam"
https://www.mpmadirectory.org.my/members/vc-plus-enterprise,VC Plus Enterprise,202103128278 (IP0555),2021,Vill Chew,Null,Null,Null,"9, Jalan Aman Perdana 6H/KU5, Taman Aman Perdana",41050,Klang,Selangor,Malaysia,+6019-223 5023,vcplus2022@gmail.com,Null,Null,Null
https://www.mpmadirectory.org.my/members/versatile-creative-plastic-sdn-bhd,Versatile Creative Plastic Sdn Bhd,Null,1985,Ms Cindy,Null,Ms Cindy,Null,"Lot 2-20, Jalan Perindustrian Mahkota Utama, Taman Perindustrian Mahkota, Beranang",43700,Null,Selangor,Malaysia,6017-552 3138/6017-230 1138,jayabalan.vcp@vc-b.com.my,"PE, PP, PS, HIPS","Injection Moulding, Thermoforming , Printing, Shrink Sleeving, Paper Sleeving, In-mould Labeling","Thinwall Containers, PP Cups, Plastic Lids, Closures, Thermoform Cups, Inmould Label (IML) Containers, Scoop , Containers and Bottles"
https://www.mpmadirectory.org.my/members/victor-machinery-m-sdn-bhd,Victor Machinery (M) Sdn Bhd,193562-X,1990,Null,Null,Yii Hock Hai,Null,"2, Jalan PJS 11/16, Bandar Sunway",46150,Petaling Jaya,Selangor,Malaysia,603-5633 7180/6351,"yii@victor.com.my
victormalaysia@unifi.my",Null,Null,"Machinery Supplier, Others, Services"
https://www.mpmadirectory.org.my/members/victor-robot-malaysia-sdn-bhd,Victor Robot (Malaysia) Sdn Bhd,Null,2019,Lee Sue Chian,Director,Lee Sue Chian,Director,"58, Ground Floor, Jalan Raja Uda, Pusat Perniagaan Raja Uda, Butterworth",Null,Null,Pulau Pinang,Malaysia,604-3311 357,victorrobot168@gmail.com,Null,Null,Suppliers
https://www.mpmadirectory.org.my/members/vin-leong-manufacturing-sdn-bhd,Vin Leong Manufacturing Sdn Bhd,1132194 - V,2015,Heah Huang Boo,Director,Goh Guat Wei,Admin,"7, Lorong Asam Paya 1, Kawasan Industri Ringan Sri Rambai",14000,Bukit Mertajam,Pulau Pinang,Malaysia,6010-400 9896,vinleongbm@gmail.com,"HDPE, Recycle materials",Film Blowing,Films and Bags
https://www.mpmadirectory.org.my/members/vinmar-overseas-singapore-pte-ltd,Vinmar Overseas (Singapore) Pte Ltd,199401696C,1994,Null,Null,Bhaskar Sen,Null,"152, Beach Road, #13-02/03, Gateway East",Null,Singapore,Singapore,Singapore,+00 02 6512 1369,Bsen@vinmar.com,Null,Null,Resins Distributor
https://www.mpmadirectory.org.my/members/vinomig-singapore-pte-ltd,Vinomig Singapore Pte Ltd,201401249M,2014,Dinh Ngoc Tan,Director,Tan Kheng Tiong,International Business Manager,"Suntec Tower 2, # 08-01, 9 Temasek Boulevard",38989,Singapore,Singapore,Singapore,+65 6514 0640,info@vinomig.com,Null,Null,Trading and Distributor
https://www.mpmadirectory.org.my/members/vinyl-base-sdn-bhd,Vinyl Base Sdn Bhd,528923-U,2000,Teh Chin Huat,Managing Director,Ban Kam Seng,Operations Manager,"16, Jalan Kilang 1, Jelapang Light Industrial Estate, Ipoh",30100,Null,Perak,Malaysia,605-526 2667,"admin@vinyl-base.com
kamseng.ban@vinyl-base.com",PVC,Compounds,"PVC Compound , Medical"
https://www.mpmadirectory.org.my/members/vp-plastics-sdn-bhd,VP Plastics Sdn Bhd,242071-V,1992,Gerald Ng,Managing Director,Lim Ki Ying,Assistant General Manager,"1029, Lorong Perusahaan Dua, Prai Industrial Estate, Prai",13600,Null,Pulau Pinang,Malaysia,"604-390 5690, 399 9986",info@vpplastics.com.my,PVC,Profile Extrusion,"PVC Extrusion Profile, uPVCSwing Door and Frames, uPVC Folding Door, OEM Manufacturing (Extrusion), Foam Extrusion, Flexible PVC, Transparent PVC , Foam, Industrial and Construction, OEM Manufacturing"
https://www.mpmadirectory.org.my/members/vs-chemicals-malaysia-sdn-bhd,VS Chemicals (Malaysia) Sdn Bhd,458050-U,1998,Null,Null,Chin Fuan Wah,General Manager,"509 & 609, Block B, Phileo Damansara 1, No. 9, Jalan 16/11, Off Jalan Damansara",46350,Petaling Jaya,Selangor,Malaysia,"603-7958 1975, 7958 7135",vschem@vschemicals.com.my,Null,Null,Resins
https://www.mpmadirectory.org.my/members/wah-ma-technology-sdn-bhd,Wah Ma Technology Sdn Bhd,234627-X,1997,Cheng Hui Chen,Managing Director,Cheng Hui Chen,Managing Director,"Lot 2969, Mukim 16, Kawasan Perusahaan Acku, Sungai Lokan, Seberang Perai Utara",13400,Butterwroth,Pulau Pinang,Malaysia,604-324 3812-4/012-425 0074,joycekhaw@wm.wahhong.com,Null,Null,"Compounds, Masterbatches, Resins, Service"
https://www.mpmadirectory.org.my/members/wah-ngai-industries-m-sdn-bhd,Wah Ngai Industries (M) Sdn Bhd,39228V,1978,Wong Chee Mun,General Manager (013-521 9545),Song Wai Yee,Marketing & Development,"17, 19, 21, Klebang Bistari 3, Kawasan Perindustrian Klebang Bistari, Chemor",31200,Null,Perak,Malaysia,605-291 6260/3106/9853,"wahngai.ind@gmail.com
wahngai.ind.ipoh@gmail.com","PET, PVC, HIPS","Thermoforming, Plastic Vacuum Forming","Blisters Pack, Containers, Tray, Clamshell, Cylinder , Containers and Bottles, Houseware, Medical"
https://www.mpmadirectory.org.my/members/wan-cheng-plastic-industries-sdn-bhd,Wan Cheng Plastic Industries Sdn Bhd,399634-D,1970,Lim Ti Huoi & Lim Hock Chiang,Director,Lim Hock Chiang,Director,"1198, Jalan Maklum, Sungai Dua, Butterworth",13800,Null,Pulau Pinang,Malaysia,604-356 5118,info@chunbe.com,"ABS, PE, PET, PP ,PS, HDPE, LDPE, Nylon","Blow Moulding, Injection Moulding, Thermoforming/ Vacuum Forming, Mould Making , Injection Blow Moulding","Adhesive Products, Shoe Care Products, Document Case, Household Products, Food Packaging Products, Packaging-Close Egg Tray/Open Egg Tray, Babies/Children's Items - Products, Parts and Accessories, Houseware, Kitchenware and Tableware - Products, Parts and Accessories, Stationery Products, Toiletries/Personal Items"
https://www.mpmadirectory.org.my/members/wanpow-plastic-industries-sdn-bhd,Wanpow Plastic Industries Sdn Bhd,592452-M,2002,Lee Chua,Managing Director,Provin Tan,Sales Manager,"2, Jalan P4/3, Bandar Teknologi Kajang, Semenyih",43500,Null,Selangor,Malaysia,603 - 8723 1487,sales@wanpow.com,"ABS, PC, PE, PP, PS, AS","Blow Moulding, Film Blowing/ Film Extrusion, Injection Moulding , Pad-printing, Ultrasonic Welding","Zipper Bags, Pill Organiser, Pill Cutter, Cream Containers, Cosmetic Containers, Eye Dropper, HM Bags, Bottles, Tamper Evident Bag, Security Bag, Courier Bag, Medical Device , Medical and Pharmaceutical, OEM Manufacturing, Containers and Bottles, Promotional and Premium Gift Items"
https://www.mpmadirectory.org.my/members/waterco-far-east-sdn-bhd,Waterco (Far East) Sdn Bhd,197301001271 (14797-D),1973,Lee Kok Yong,Chief Executive Officer,Tham Hui Min,PA to CEO,"Lot 832, Jalan Kusta, Kawasan Perindustrian SB Jaya, 12D, Jalan Tun HS Lee",47000,Sungai Buloh,Selangor,Malaysia,603-6145 6000,hui.min.tham@waterco.com.my,Fiberglass Reinforced Polyester (FRP),"Injection Moulding, Fiberglass Filament Welding, Assembly","Fiberglass Water Filter, Plastic Water Filter, Pump, Heat Pump, Pipe Fitting, Industrial and Construction"
https://www.mpmadirectory.org.my/members/watertec-malaysia-sdn-bhd,Watertec (Malaysia) Sdn Bhd,98549-K,1983,Low Han Sin,Managing Director,Mollie Wong,Finance Director,"Lot 3, Jalan Halba Satu 16/16, Section 16, Shah Alam",40200,Null,Selangor,Malaysia,603-5510 7808,"wtc@watertec.biz
whcheong@watertec.biz","ABS, EVA, PA, PBTP, PC, PE, PET, PMMA, POM, PP, PPO, PS, PVC, SAN",Injection Moulding,"Taps, Valves, Showers, Plumbing Fittings, Bathroom Accessories and Contract Moulding , Bathroom/Toilet, Industrial and Construction, OEM Manufacturing"
https://www.mpmadirectory.org.my/members/wee-tat-recycling-sdn-bhd,Wee Tat Recycling Sdn Bhd,711233-T,2005,Jimmy Siew Wei Foo,Director,Jimmy Siew Wei Foo,Director,"P.T. 12746 & 12747, Solok Teluk Batu 1, Taman AMJ Industrial Area, Jalan Kebun Section 36",40470,Shah Alam,Selangor,Malaysia,03-5161 2719,wt_plastic@yahoo.com.tw,"Polystyrene Foam, GPPS, PP",Extrusion Pelletising (Recycling),Recycled Resin
https://www.mpmadirectory.org.my/members/weida-integrated-industries-sdn-bhd-sabah,Weida Integrated Industries Sdn Bhd - Sabah,168925-U,1988,Tan Yak Khoon,Chief Executive Officer,Nick Pang,General Manager - Sales,"Lot 57, Sedco Light Industrial Estate, Lok Kawi, Kota Kinabalu",88801,Null,Sabah,Malaysia,6088-752 996,wiikk@weida.com.my,HDPE,"Pipe Extrusion, Extrusion Winding, Rotational Moulding","Water, Chemical Storage Tanks, Septic Tank, Sewage Treatment System, Waste Bins, Agriculture Tanks, Knapsack Sprayer, HDPE Straight and Coil Pipe, Refuse Bins, Traffic Signage, Planter Boxes and Other Industrial and Construction - Products and Parts"
https://www.mpmadirectory.org.my/members/weidasar-sdn-bhd,Weidasar Sdn Bhd,Null,1997,Tuan Haji Su'ut B. Suhaili,Director,Alfred Pui,Manager,"Lot 8729, 126-B, Tingkat 1, Green Heights Commercial, Jalan Lapangan Terbang, Kuching",93250,Null,Sarawak,Malaysia,6082-450 910,weidasar@weidasar.com.my,Null,Pipe Extrusion,Pipe and Water Tank
https://www.mpmadirectory.org.my/members/well-industries-sdn-bhd,Well Industries Sdn Bhd,129741-D,1966,Liew Tze Chou,Null,Liew Tze Chou,Null,"2, Jalan Bakawali 72, Taman Johor Jaya, Johor Bahru",81100,Null,Johor,Malaysia,607-354 4570/571,wellinti@streamyx.com,PP,Tape Extrusion,"PP Strapping Bands, Fully-Auto Strapping Machines, Semi-Auto Strapping Machines, Hand Tools, Metal Clips, Plastic Buckles , Films and Bags"
https://www.mpmadirectory.org.my/members/weng-foong-trading-co-sdn-bhd,Weng Foong Trading Co Sdn Bhd,Null,1972,Leong See Kang,Null,Leong See Kang,Null,"10-12, Persiaran Perindustrian Pengkalan 3, Kawasan Perindustrian Pengkalan, Lahat",31500,Null,Perak,Malaysia,605-312 5922,Null,"PE, PP",Film Blowing/Film Extrusion,"PP. LDPE, LLDPE bags , Films and Bags"
https://www.mpmadirectory.org.my/members/wenhong-plastic-industries-sdn-bhd,Wenhong Plastic Industries Sdn Bhd,337061-T,1995,Chai Ko Hiuk,Chief Executive Officer,Stanford Chai,Marketing & Operation Manager,"Lot 73, Block 45, 8th Mile, Batu Kitang Road, Kuching",93250,Null,Sarawak,Malaysia,6082-611 197/613 197,wenhong.whpi@gmail.com,"PP, PET, ABS, UPVC, HDPE, LDPE","Injection Moulding, Extrusion","Gutter, Preform, Pipe, Water Tank, Inspection Chamber, Water Modular, Plastic Wheel, Industrial and Construction"
https://www.mpmadirectory.org.my/members/wespack-waste-management-sdn-bhd,Wespack Waste Management Sdn Bhd,347556-T,1995,Null,Null,Chin Yoong Kong,Managing Director,"8A, Jalan Awan Hijau, Taman OUG",58200,Null,Wilayah Persekutuan,Malaysia,603-7989 1111,"sales@wespack.com.my
richard@wespack.com.my","ABS, CA, CP, EVA, EP, EPS, PA, PC, PE, PET, POM, PP, PS, PVC","Extrusion Pelletising, Recycling","Recycled Resin for Extrusion Grade/Film Grade/Blow Mould Grade/Injection Grade , Agricultural Products and Accessories, Promotional and Premium Gift Items, Bathroom/Toilet - Products, Parts and Accessories, Recycled Resin"
https://www.mpmadirectory.org.my/members/wilayah-plastic-sdn-bhd,Wilayah Plastic Sdn Bhd,74982-V,Null,CP Lam,Managing Director,CP Lam,Managing Director,"4 & 6, Jalan Taming Enam, Taman Taming Jaya, Off Jalan Balakong, Kajang",43300,Null,Selangor,Malaysia,603-8961 5072/5073,cplam@wilayahplastic.com.my,Thermoplastic,"Injection Moulding , Ultrasonic Welding, Hot Stamping, Assembly","OEM Manufacturing , OEM Manufacturing"
https://www.mpmadirectory.org.my/members/willis-industrial-products-sdn-bhd,Willis Industrial Products Sdn Bhd,1030918 - H,2013,Koh Tse Tuck,Director,Null,Null,"Lot 10327 - 22, Jalan Bukit Kemuning, Batu 5¼, Seksyen 34",40470,Shah Alam,Selangor,Malaysia,+6010-366 7806,willisbiz@hotmail.com,"PVC, PP, TPE",Extrusion Pelletising (Recycling),Recycled Resin
https://www.mpmadirectory.org.my/members/win-sin-manufacturer-m-sdn-bhd,Win Sin Manufacturer (M) Sdn Bhd,Null,Null,Lim Tow Aun,Marketing Director,Null,Null,"12-14, Persiaran Industri Bercham 10, Kawasan Perindustrian Ringan Bercham, Off Jalan Bercham, Perak",31400,Null,Perak,Malaysia,605-545 7881,winsin_lim@yahoo.com,"PET, PP, PS, PVC","Thermoforming , Silkscreen-painting, Pad-printing, Vacuum Forming","Vacuum Forming Tray for Packaging , Houseware, Kitchenware and Tableware - Products, Parts and Accessories, OEM Manufacturing, Containers and Bottles"
https://www.mpmadirectory.org.my/members/win-smith-packaging-sdn-bhd,Win Smith Packaging Sdn Bhd,586741-K,1996,Ong Seng Yin,Director,Ong Seng Yin,Director,"PT 5864, Jalan Johan 1/5, Taman Perindustrian Pengkalan II, Pusing",31550,Null,Perak,Malaysia,605-365 6213,winsmithpackaging@gmail.com,PVC,"Film Blowing/Film Extrusion, Gravure Printing","PVC Shrink Label , Films and Bags"
https://www.mpmadirectory.org.my/members/winner-plastics-industries-sdn-bhd,Winner Plastics Industries Sdn Bhd,164328-A,1994,Tan Seow Wei,Manager,Lim Kong Tee,General Sales Manager,"13, Hala Jati Meru 10, Taman Meru Industrial Estate, Ipoh",30020,Null,Perak,Malaysia,605-527 6349/50,wfc_khoo@yahoo.com,"ABS, PE, PP, PS",Injection Moulding,"Electrical and Electronic Product, Industrial Parts, Industrial Containers, Packaging Containers and Household Wares"
https://www.mpmadirectory.org.my/members/winsheng-plastic-industry-sdn-bhd,Winsheng Plastic Industry Sdn Bhd,272872M,1993,Tan Chen Wei,CEO,Liew Young Choong,COO,"16, Jalan Hasil 2, Kawasan Perindustrian Jalan Hasil, Tampoi",81200,Null,Johor,Malaysia,607-233 3333,"samm.cheah@winsheng.com.my
eddie.lau@winsheng.com.my","ABS, PC, PMMA, POM, PS, AS, Nylon, ABS/PC, Elastomer, MS","Injection Moulding , Spray-painting,Silkscreen-painting, Tooling Designs and Fabrication, Tampo, Hot Stamping, UV Spraying and Printing, Laser Marking,Assembly Process and Sputtering Process","Audio Parts, Video Parts, Car Audio Parts, Automotive Products, Telecommunications Parts, Handphone Products, Food Products ,Electrical and Electronics, Medical, Telecommunication"
https://www.mpmadirectory.org.my/members/wittmann-battenfeld-malaysia-sdn-bhd,Wittmann Battenfeld (Malaysia) Sdn Bhd,530871 A,2000,Lester Koh,Managing Director,Ken Ng/Haward Wong,Division Manager/Sales Manager,"No. 16, Jalan Bandar Lima Belas, Pusat Bandar Puchong",47100,Puchong,Selangor,Malaysia,603-5882 6028,info@wittmann-group.my,Null,Null,Machinery and Auxiliary Equipment Sales & Service
https://www.mpmadirectory.org.my/members/wohltec-medical-sdn-bhd,Wohltec Medical Sdn Bhd,1234539-X,2017,Liew Yew Aw,Director,Liew Yew Aw,Director,"116-B, Jalan Bharu, Off Jalan Kampar, Pinji Centrepoint",31650,Ipoh,Perak,Malaysia,6012-510 1726,yaliew.med@gmail.com,"PP, Silicone Rubber","Injection Moulding, Sub-Assembly",Medical Devices
https://www.mpmadirectory.org.my/members/wt-poly-industries-sdn-bhd,WT Poly Industries Sdn Bhd,1225592-P,2017,Tan Peng Koon,Director,Najwa Binti Ahmad,Admin & Account,"29, Jalan Taming 5, Taman Taming Jaya",43300,Seri Kembangan,Selangor,Malaysia,6014-625 8128,admin@wtpoly.my,"LDPE, LLDPE",Film Blowing,Packaging - Others
https://www.mpmadirectory.org.my/members/wtc-maju-sdn-bhd,WTC Maju Sdn Bhd,1102213 - A,2014,Chung Mun Chong,Company Director,Chung Mun Chong,Company Director,"No. 1610, Persimpangan Jalan Kundang, Kampung Sungai Bakau",48000,Rawang,Selangor,Malaysia,+603-6091 3000,wtcmaju@gmail.com,"LLDPE, LDPE, HDPE",Extrusion Pelletising (Recycling),Recycled Resin
https://www.mpmadirectory.org.my/members/wwrc-malaysia-sdn-bhd,WWRC Malaysia Sdn Bhd,220766-D,1991,Teoh Weng Chai,Executive Director,Lum Fook Kiong,Sales Manager,"No. 8, Jalan Sejahtera 25/124, Section 25",40400,Shah Alam,Selangor,Malaysia,603-5122 4899,wwrckl@wwrc.com,Null,Null,"Additives, Chemicals, Compounds, Lubricants, Others, Pigments, Resins, Solvents,Stabilisers"
https://www.mpmadirectory.org.my/members/wy-machinery-trading-penang-sdn-bhd,WY Machinery Trading (Penang) Sdn Bhd,Null,2007,Ooi Chin Lai,Managing Director,Ooi Chin Lai,Managing Director,"No. 7 & 9, Lorong Perusahaan Sungai Lokan 2/1, Taman PErusahaan Sungai Lokan, Sungai Dua, Butterworth",13800,Butterworth,Pulau Pinang,Malaysia,604-356 7585,wymachpg@gmail.com,Null,Null,Machinery Equipment
https://www.mpmadirectory.org.my/members/xinya-printing-machinery-m-sdn-bhd,Xinya Printing Machinery (M) Sdn Bhd,1117426-M,2014,Edwin Zhang Wei,Director,Null,Null,"No.78-1 (1st Floor), Kedai Pejabat Dua Tingkat, Persiaran Raja Perempuan Mazwin, Taman Tinggi",30100,Ipoh,Perak,Malaysia,605-525 1235,xinyaxy@gmail.com,Null,Null,Machinery Supplier
https://www.mpmadirectory.org.my/members/yanta-plastic-industry-sdn-bhd,Yanta Plastic Industry Sdn Bhd,198101012170 (78300-T),1968,Chuah Kok Leong,Managing Director,Chuah Kok Leong / Ashley Chuah,Null,"493, Simpang Juru, Juru Village, MK 13, Simpang Ampat, Bukit Mertajam, Province Wellesley",14100,Null,Pulau Pinang,Malaysia,604-507 2715,admin@yantaplastic.com,"HDPE, BOPP, CPP, MCPP, PET, MPET, Aluminium Foil, Nylon","Film Blowing/Film Extrusion, Printing, Inspection, Lamination, Slitting, Rewinding, Side Sealing, Cutting","Plastic Packaging - Frozen Food, Dry Food, Medical Equipment, Stationery, Essential, Pet Food, Coffee , Films and Bags"
https://www.mpmadirectory.org.my/members/yb-enterprise-sdn-bhd,YB Enterprise Sdn Bhd,166255-D,1987,Yap Koon Faat,Managing Director,Yeoh Beng See,Administration Manager,"Lot 4161, Jalan Baling, Padang Meha Industrial Estate, Padang Serai",9400,Null,Kedah,Malaysia,604-485 2977/3977,yap@ybgroup.com,Null,Recycling,Recycled Resin in All Forms
https://www.mpmadirectory.org.my/members/yee-hup-foam-packaging-industries-sdn-bhd,Yee Hup Foam & Packaging Industries Sdn Bhd,433652-V,1997,YK Low,Director,Andy Low,Senior Sales Manager,"PT538 (Lot 7878), Penempatan Bukit Cheraka Mukim Bukit Raja, Shah Alam",40150,Null,Selangor,Malaysia,603-7847 5319,info@yeehup.com,"EPS, PS",Foam Moulding,"Expanded Polystyrene Foam (EPS), Extruded Polystyrene Foam (XPS), Carton Boxes ,Foam, Industrial and Construction"
https://www.mpmadirectory.org.my/members/yeka-plastics-industries-sdn-bhd,Yeka Plastics Industries Sdn Bhd,687347-A,1986,Ang Hong Lim,Director,Michelle Ong/MM Ong,Production Department,"Lot 46100, Jalan Seelong, Mukim Tebrau",81100,Null,Johor,Malaysia,607-599 5599,sales@yeka.com.my,"PP, LDPE, HDPE, LLDPE","Film Blowing/Film Extrusion , Recycling","LDPE Sheet, Construction Flim, HDPE/LDPE Garbage Bags, HDPE Carrier Bags & HDPE/LDPE/PP Bags, Multi Colour Printing Bags, Plastic Scrap Recycled, Soft Loop Bags, Hand Loop Bags, Side Seal Bags ,Films and Bags, Industrial and Construction"
https://www.mpmadirectory.org.my/members/yew-lee-pacific-manufacturer-sdn-bhd,Yew Lee Pacific Manufacturer Sdn Bhd,532781-D,2004,Ang Lee Leong,Chief Executive Director,Amber Ang,Chief Operating Officer,"No. 18, Jalan Johan 2/1, Kawasan Perindustrian Pengkalan 11",31550,Pusing,Perak,Malaysia,605-3668 608,admin@yewlee.com.my,"Nylon, PP, PET","Injection Moulding, CNC Engineering","Industrial and Consumer Brushes, Industrial and Construction"
https://www.mpmadirectory.org.my/members/yih-hor-engineering-workshop,Yih Hor Engineering Workshop,000340124-X,1974,Chong Min Hoo,Sole Proprietor,Chong Min Hoo,Sole Proprietor,"Lot 2, No 38, Jalan Kilang 3, Jelapang Industrial Estate",30100,Ipoh,Perak,Malaysia,605-526 3032/4036,yihhor@gmail.com,Null,Null,Null
https://www.mpmadirectory.org.my/members/yong-li-industries-sdn-bhd,Yong-Li Industries Sdn Bhd,440610-M,1983,Tan Boon Tian,Manager,Tan Boon Tian,Manager,"189, Jalan Murni 10, Taman Perindustrian Murni, Senai",81400,Null,Johor,Malaysia,607-590 9638,plastikyong@hotmail.com,"HD, PE, PP",Film Blowing/Film Extrusion,"Bags, Films (Shrinkable), Packaging (Electronics) , Packaging (Food) ,Films and Bags"
https://www.mpmadirectory.org.my/members/yosogo-writing-instrument-sdn-bhd,Yosogo Writing Instrument Sdn Bhd,179672-P,1989,Teh Aik Chai,Managing Director,Daisy Tan,Export Manager,"5500, Jalan Mak Mandin, Mak Mandin Industrial Estate, Butterworth",13400,Null,Pulau Pinang,Malaysia,604-332 1133,"eddie@yosogo.com
daisy@yosogo.com","ABS, EVA, POM, PP, PS, AS, Acrylic, HDPE, LDPE, HIPS",Injection Moulding,"Marker Pen, Rulers, Colouring Pallets, Whiteboard Erasers, Document Trays, Aluminium Ruler, Magnetic and Non-magnetic Whiteboard, Clipboard, Mini Clip, Plastic Clip, Ball Pen, Marker Ink, French Curve, Bull Dog Clip, Wyboard Cleaner, Key Chain, Signboard, Paper Clips , Stationery"
https://www.mpmadirectory.org.my/members/yudo-sdn-bhd,Yudo Sdn Bhd,403044-X,Null,Cheng Chee Kong,Director,Cheng Chee Kong,Director,"No. 2, Jalan Perindustrian PP3, Taman Perindustrian Putra Permai, Bandar Putra Permai",43300,Seri Kembangan,Selangor,Malaysia,03-8945 2127,ckcheng@yudosb.com.my,Null,Null,Machinery Supplier
https://www.mpmadirectory.org.my/members/yutaka-sangyo-industries-m-sdn-bhd,Yutaka Sangyo Industries (M) Sdn Bhd,240897,1992,T Ohata,Managing Director,Clifford Wong,Marketing Director,"Lot 2, Jalan P/6, Kawasan Perindustrian Bangi, Bandar Baru Bangi",43650,Null,Selangor,Malaysia,603-8925 5286,ohata@yutakasangyo.com,"ABS, PC, POM, PP, GPPS, HIPS, PC/ABS, PMMA/ABS, PE, TPU","Colouring Compounds , Plastic Mould and Die","Colour Compounding (ABS, HIPS, PMMA, PC, PP, PE, POM, PBT, AS)"
https://www.mpmadirectory.org.my/members/zantat-sdn-bhd,Zantat Sdn Bhd,79120-A,1981,Ivan Chan Bin Iuan,Chief Executive Officer,Jane Watt Sook Ling,Marketing Manager,"PT24571 & PT 21289, Kawasan Industri Batu Kapur, Keramat Pulai, Kampung Kepayang",31350,Null,Perak,Malaysia,605-3571 653,zantat@zantat.com.my,Null,Null,"Manufacturing, Manufacturer Raw Materials"
https://www.mpmadirectory.org.my/members/zeito-plastic-components-sdn-bhd,Zeito Plastic Components Sdn Bhd,107944-W,1992,BS Chew / KW Lee,Executiv Director / Managing Director,KK Tiu / YF Soo,Operations Manager / Project Manager,"Lot 9, Jalan CJ1/7, Kawasan Perusahaan Cheras Jaya, Jalan Balakong, Cheras",43200,Null,Selangor,Malaysia,603-9081 9877,enquiries@zeito.com.my,"ABS, PA, PC, PE, PMMA, POM, PP, PPO ,PS, PVC, PBT, TPE","Injection Moulding, Mould Fabrication, Printing, Painting, Hot Stamping, Ultrasonic Welding, Sub-Assembly, Die Fabrication","Precision Injection Parts; Class 100K Cleanroom, Assembly for Medical Devices with Class 100K Cleanroom, Electrical and Electronics - Products, Parts and Accessories, Medical and Pharmaceutical - Products, Parts and Accessories"
https://www.mpmadirectory.org.my/members/zer-plastic-sdn-bhd,Zer Plastic Sdn Bhd,433694-W,1997,Zackry bin Mohamed Iwaz,Managing Director,Zackry bin Mohamed Iwaz,Managing Director,"A-08-09, Plaza Mont' Kiara, No. 2, Jalan Mon't Kiara",50480,Null,Wilayah Persekutuan,Malaysia,603-6201 0928,enquiry@zerplastic.com,"PE, PVC","Extrusion, Injection Moulding","Plastic Pipes for Telecommunication, Water and Industrial Application , Industrial and Construction, Telecommunication"
https://www.mpmadirectory.org.my/members/zhaori-packaging-industries-m-sdn-bhd,Zhaori Packaging Industries (M) Sdn Bhd,Null,1979,TS Ow,Managing Director,TS Ow,Null,"Lot 1663, Jalan Palembang, Off Jalan Shapadu, Klang, Rantau Panjang",42100,Null,Selangor,Malaysia,603-3291 6270/6052,Null,EPS,Foam Moulding,"EPS Foam for Cup and Packaging, Block and Foam ,Foam"
